#{"t_start": 1785056402.377187, "env_id": "None"}
r,l,t
-3.56,3,0.002089
-1.77,21,0.0045
4.66,42,0.009133
-0.49,12,0.010485
-1.52,21,0.012834
-5.06,3,0.013201
-1.52,21,0.015904
4.15,50,0.021459
-5.06,3,0.034779
-3.56,3,0.035202
-2.2,30,0.045954
-4.4,10,0.047252
-2.56,13,0.049629
-0.91,13,0.051205
5.0,50,0.056793
-4.93,4,0.057268
-2.71,8,0.067995
-4.34,7,0.06888
-4.55,20,0.071141
-3.18,9,0.072183
-5.1,5,0.072768
-0.71,18,0.074805
-4.06,3,0.075168
6.0,50,0.080683
0.2,20,0.092219
-3.56,3,0.092622
-0.57,41,0.09718
3.9,50,0.1035
-3.78,4,0.104033
-1.01,33,0.107656
-3.56,3,0.108018
-3.17,6,0.108731
-3.56,3,0.121167
-3.45,5,0.12182
-4.76,8,0.12275
-0.7,25,0.12551
-6.12,6,0.126199
-2.88,14,0.127803
9.0,50,0.13396
-4.56,3,0.134372
-6.12,6,0.143286
0.65,40,0.147731
-5.06,3,0.148445
-2.21,23,0.151407
-4.06,3,0.1518
-4.08,4,0.15228
-3.04,22,0.154742
7.6,50,0.160237
2.45,50,0.17729
-3.32,16,0.179159
-4.91,38,0.18401
0.64,23,0.186665
-1.2,15,0.188343
-3.08,9,0.189379
-3.56,3,0.189737
-1.66,38,0.193882
-2.58,4,0.209014
-2.08,4,0.209528
-3.56,3,0.209895
0.37,39,0.214642
5.0,50,0.220286
12.95,50,0.225734
-3.62,6,0.226427
-3.04,7,0.227244
-3.56,3,0.240212
-4.56,3,0.240635
-3.1,5,0.241227
-3.36,8,0.242137
-6.13,24,0.244809
-7.43,24,0.247516
-3.23,9,0.249063
-2.58,4,0.249653
-1.97,26,0.258579
-3.19,7,0.259394
8.85,50,0.265298
-5.06,3,0.265855
-2.86,8,0.266839
2.65,40,0.271321
-2.6,5,0.271913
-3.95,10,0.273036
-1.97,11,0.285419
-3.56,3,0.285827
5.07,39,0.290142
-2.58,4,0.29065
-2.9,10,0.291769
-4.68,24,0.294402
-2.69,7,0.295213
-3.36,8,0.296165
-3.1,10,0.305664
-5.51,13,0.307152
-2.84,17,0.309017
1.72,34,0.312775
-4.45,10,0.313913
-5.06,3,0.314281
-3.71,8,0.315664
-1.32,21,0.318221
6.15,50,0.332593
7.2,50,0.338321
4.02,49,0.343713
-4.56,3,0.344087
-3.6,5,0.344671
1.9,50,0.351162
-1.71,13,0.352733
-5.3,5,0.353318
9.55,50,0.375511
-4.12,6,0.376267
0.14,33,0.379883
-4.06,3,0.380261
6.05,50,0.386549
5.71,42,0.516254
-3.84,7,0.517145
1.5,50,0.522726
-1.71,13,0.542535
-4.12,16,0.544399
-0.82,26,0.547346
-4.06,3,0.547717
-2.77,16,0.55023
-3.62,6,0.551002
-3.36,23,0.553589
-3.56,3,0.554002
-3.08,4,0.562489
-6.14,12,0.563896
-2.58,4,0.564384
-3.56,3,0.565015
-0.18,19,0.567399
-2.1,15,0.569204
0.18,21,0.571602
-1.15,15,0.573318
-4.41,8,0.581813
-5.12,6,0.582894
-5.06,3,0.583306
0.71,37,0.587686
1.95,50,0.5933
-0.54,22,0.595838
-2.8,5,0.596445
-3.91,13,0.597981
-6.3,5,0.610064
-0.03,49,0.616395
-4.06,3,0.616829
-1.47,16,0.618659
2.1,40,0.62317
-5.12,6,0.623879
-1.95,30,0.627189
4.95,50,0.633399
4.73,41,0.653401
-4.21,8,0.654392
-0.89,37,0.65848
-2.04,12,0.659873
-4.78,4,0.660357
-0.41,23,0.662945
-1.27,16,0.664916
-2.49,12,0.666489
-0.64,12,0.679537
-1.08,19,0.682084
-4.12,21,0.684576
-2.07,46,0.689658
11.95,50,0.695105
-2.23,9,0.696122
-3.1,5,0.696737
-3.56,3,0.697092
1.11,37,0.713912
-5.06,3,0.714303
-3.29,17,0.716711
-4.06,3,0.717152
-1.12,16,0.719037
-0.78,44,0.723964
-0.73,19,0.726089
-5.16,8,0.727006
-3.97,11,0.739892
6.5,50,0.745519
1.94,48,0.751691
-5.06,3,0.752109
7.9,50,0.757628
-3.56,3,0.75801
-0.51,23,0.760534
-1.82,6,0.761247
-2.56,8,0.776934
2.51,47,0.78275
-3.17,6,0.783529
0.9,20,0.785802
9.5,50,0.791318
-1.96,23,0.793853
-3.1,15,0.795568
-5.06,3,0.795928
-4.6,5,0.809698
0.81,22,0.812225
-4.08,9,0.813273
-4.6,15,0.815343
-2.42,16,0.817777
-1.08,34,0.821693
0.06,27,0.824774
-4.06,3,0.825146
9.8,50,0.841019
8.95,50,0.848835
-3.56,3,0.851502
-3.12,11,0.855638
7.45,50,0.861567
10.65,50,0.867637
-2.66,18,0.8697
7.7,50,0.875201
-5.06,3,0.896036
-1.45,20,0.898716
-1.96,43,0.903699
-5.06,3,0.904083
-2.75,35,0.907929
-4.08,4,0.908436
-3.56,3,0.908796
-3.56,3,0.909156
-4.06,3,0.918519
-3.04,7,0.919396
-1.51,28,0.922505
-2.44,27,0.925523
-5.06,3,0.925887
6.43,46,0.930949
-4.71,8,0.932348
-4.9,10,0.933527
10.9,50,0.949111
-3.16,13,0.950729
-2.42,11,0.951987
-4.3,5,0.952573
-4.8,5,0.953161
-2.51,13,0.954629
-1.32,16,0.956443
8.7,50,0.961987
-3.56,3,0.974623
-4.71,33,0.978328
-3.56,3,0.9787
-1.56,8,0.979614
-5.05,20,0.982333
-0.67,31,0.985851
-2.56,8,0.986803
7.4,50,0.992225
-4.17,6,1.004591
-2.3,10,1.005769
8.85,50,1.01124
5.17,44,1.016603
4.8,50,1.022114
-5.06,3,1.022478
-4.67,6,1.023161
-0.89,27,1.026082
-3.66,13,1.041997
-5.06,3,1.042386
-0.88,29,1.04556
4.5,50,1.051512
11.4,50,1.057001
-1.72,16,1.0588
0.75,45,1.063647
-6.16,13,1.065658
-5.06,3,1.081925
-3.56,3,1.082414
-4.78,4,1.082913
-4.06,3,1.083276
-2.58,4,1.08375
-4.08,4,1.084222
10.65,50,1.089711
-2.6,5,1.090291
-1.76,43,1.101406
-1.58,29,1.104721
2.44,38,1.10896
2.15,40,1.113337
-4.1,10,1.11455
-3.95,10,1.116105
-3.08,19,1.118277
-2.36,8,1.119215
5.15,50,1.139717
-0.44,17,1.141677
-5.49,7,1.142476
11.25,50,1.148365
11.65,50,1.154228
9.25,50,1.159746
3.7,50,1.165796
-1.58,14,1.167419
-2.12,16,1.191053
-3.45,10,1.192221
0.76,32,1.195882
-2.99,12,1.197237
10.55,50,1.203522
-5.06,3,1.20394
-3.56,3,1.204309
1.71,32,1.207973
-0.51,23,1.22348
-3.32,6,1.224267
-3.56,3,1.224651
-3.56,3,1.225027
-1.01,13,1.22656
2.28,41,1.232149
-3.56,3,1.232889
12.55,50,1.239559
2.25,35,1.255656
-2.43,9,1.256726
6.3,50,1.262309
7.05,50,1.26832
5.5,50,1.273929
0.57,29,1.27716
3.8,50,1.283222
-6.12,6,1.283966
-0.66,18,1.306654
-1.23,24,1.309365
-3.56,3,1.309734
-2.69,7,1.310541
-6.46,13,1.312042
-5.28,4,1.312532
5.16,42,1.318123
-0.25,15,1.319864
-1.94,32,1.333394
-3.19,7,1.334272
8.2,50,1.339866
-0.25,40,1.344278
1.19,38,1.349053
-3.99,7,1.350021
10.45,50,1.355576
0.98,46,1.36062
8.15,50,1.386855
-5.06,3,1.387271
-5.06,3,1.387692
1.58,36,1.391735
-0.79,27,1.394792
-2.45,15,1.396499
1.13,36,1.401193
8.85,50,1.40682
-2.42,21,1.425757
1.64,33,1.429485
9.6,50,1.435656
-1.82,16,1.43754
-1.43,9,1.438583
1.02,29,1.441801
-3.56,3,1.442168
-1.39,22,1.444604
-3.45,5,1.459165
5.8,50,1.465135
9.4,50,1.470993
-5.06,3,1.471428
9.2,50,1.476895
-3.91,8,1.477806
6.0,50,1.484059
10.95,50,1.489624
1.3,50,1.515171
-0.93,19,1.517524
6.2,50,1.523041
3.25,50,1.528511
9.2,50,1.535072
-3.58,4,1.535601
7.55,50,1.541218
-2.47,21,1.543561
-5.01,13,1.567778
-3.1,5,1.568407
-4.42,11,1.56965
-3.56,3,1.570014
7.25,50,1.575524
-3.15,15,1.577193
-2.95,5,1.577771
-4.06,3,1.578128
10.65,50,1.592328
-1.95,5,1.592983
8.9,50,1.599119
11.0,50,1.60475
-2.45,20,1.607036
6.2,50,1.612545
-5.28,4,1.613033
-1.67,36,1.617557
-3.91,8,1.637888
4.8,50,1.643468
-2.93,9,1.644492
-3.56,3,1.644874
-0.76,18,1.646918
9.35,50,1.65322
9.1,50,1.658791
-2.1,10,1.659925
2.36,37,1.679594
-4.97,6,1.680389
-1.7,15,1.682787
-2.32,6,1.683555
-0.21,28,1.68669
4.51,47,1.69192
-4.97,6,1.692617
-2.91,8,1.693528
-3.56,3,1.706175
8.65,50,1.711694
-2.32,6,1.712444
-5.06,3,1.712819
-5.06,3,1.713192
-3.34,7,1.714001
-3.32,6,1.71509
-1.61,13,1.716697
1.86,42,1.727984
-5.06,3,1.728365
-5.6,10,1.729559
-4.84,12,1.730897
-0.49,27,1.734568
-5.06,3,1.734982
-2.08,34,1.738808
-4.08,4,1.739291
-5.62,6,1.750375
7.09,48,1.755882
-0.9,40,1.760284
-0.7,25,1.763136
10.5,50,1.769286
-1.12,16,1.771111
9.55,50,1.776554
-4.08,4,1.777023
-3.56,3,1.795207
-3.56,3,1.795654
-2.88,39,1.800582
-3.04,7,1.801462
8.2,50,1.807061
-4.06,3,1.807432
-0.65,50,1.812943
9.35,50,1.819162
-3.43,4,1.835288
8.2,50,1.840877
0.36,32,1.844373
-4.56,3,1.844762
8.85,50,1.851142
9.7,50,1.856803
-2.29,17,1.858702
-4.08,4,1.85921
2.75,45,1.880069
8.85,50,1.886292
-4.84,7,1.887158
7.4,50,1.892668
-3.56,3,1.893033
-5.06,3,1.893424
-3.56,3,1.893785
-5.06,3,1.894139
-1.94,22,1.909276
-1.0,25,1.912087
-5.06,3,1.912467
11.7,50,1.918576
-2.93,4,1.919112
6.12,49,1.924529
-3.2,20,1.926766
1.88,26,1.929656
-5.06,3,1.945075
-5.12,11,1.946378
-2.97,6,1.94708
-2.84,7,1.948014
-4.06,3,1.948649
-0.3,30,1.952186
-3.56,3,1.952561
10.05,50,1.958068
0.66,42,1.971611
-2.4,15,1.973355
-4.54,7,1.974148
4.95,50,1.979625
-0.08,34,1.983791
-4.06,3,1.984192
2.0,40,1.988619
-2.47,6,1.989309
10.5,50,2.009488
-2.4,10,2.010681
-2.58,9,2.011705
-2.74,27,2.015056
-2.55,20,2.017833
0.34,33,2.021613
-1.56,18,2.023653
-4.2,25,2.026394
-2.23,14,2.042507
11.3,50,2.048392
-3.56,3,2.048897
-4.93,4,2.049426
-0.51,18,2.05149
-3.84,7,2.052309
-2.69,17,2.054235
3.27,44,2.059026
-5.06,3,2.071545
-4.06,3,2.071959
-2.68,19,2.074114
4.27,39,2.078454
1.67,34,2.082896
7.5,50,2.088602
-2.04,12,2.090096
-0.0,35,2.093886
-3.12,11,2.110079
5.35,50,2.116432
-4.07,26,2.119467
1.76,32,2.123087
1.65,45,2.128049
10.9,50,2.134204
-5.06,3,2.134616
-2.36,13,2.136081
-3.56,3,2.153658
3.29,38,2.157899
-0.04,27,2.160931
-6.1,10,2.162078
-5.63,19,2.16424
-3.08,9,2.165827
-2.07,26,2.168812
1.61,17,2.170733
-6.32,6,2.182968
-5.06,3,2.18338
9.5,50,2.188933
-4.06,3,2.189302
6.3,50,2.194775
-5.06,3,2.195157
9.45,50,2.201315
3.3,50,2.206863
2.77,49,2.22859
7.95,50,2.234789
-1.47,11,2.236212
10.55,50,2.2417
0.2,20,2.243932
2.96,37,2.24841
-3.56,3,2.248921
-5.06,3,2.249338
-3.56,3,2.266536
9.05,50,2.272066
-6.12,6,2.27279
0.96,27,2.275736
3.86,47,2.280893
-2.31,18,2.283532
-4.3,5,2.284183
-4.64,17,2.286151
10.45,50,2.30508
-3.95,5,2.305743
-5.1,5,2.306322
-2.99,7,2.307124
-3.56,3,2.307488
-3.56,3,2.307846
-4.56,3,2.308203
0.51,22,2.310651
-1.62,11,2.319822
-2.6,5,2.320445
-2.45,5,2.321034
-3.08,4,2.321515
-0.01,13,2.322994
-3.16,8,2.323914
-2.49,47,2.329056
-4.94,12,2.330413
8.95,50,2.344168
-3.56,3,2.344588
-3.71,13,2.346099
-3.95,5,2.346683
-4.08,4,2.347155
-1.59,27,2.350711
9.6,50,2.356277
-1.63,24,2.358945
-3.56,3,2.372512
-4.06,3,2.372915
3.08,41,2.377398
-3.56,3,2.377764
-4.56,3,2.378136
-4.3,5,2.378758
-4.12,6,2.37945
-3.62,6,2.380143
-4.7,15,2.387779
-5.06,3,2.388189
-0.81,23,2.39076
9.7,50,2.396299
-5.41,8,2.397226
-3.95,10,2.399096
-0.8,20,2.401454
-1.77,31,2.404931
-4.16,18,2.418891
11.65,50,2.424443
0.76,37,2.428512
-3.56,3,2.428914
1.06,37,2.433646
-4.06,3,2.43406
-3.56,3,2.434433
0.78,21,2.43683
-4.58,9,2.450846
-3.56,3,2.451266
-4.06,3,2.451637
-2.2,30,2.454976
5.59,43,2.459707
10.1,50,2.465624
2.46,22,2.468223
8.4,50,2.473726
-6.87,26,2.492316
-1.64,27,2.495323
8.75,50,2.501605
-8.81,13,2.50318
6.55,50,2.5088
10.95,50,2.514288
1.66,22,2.517283
-3.56,3,2.517705
-5.49,7,2.536373
-3.56,3,2.536782
-2.95,5,2.537363
7.9,50,2.542824
9.65,50,2.548797
-5.06,3,2.549245
-3.56,3,2.549614
-3.56,3,2.549982
-5.06,3,2.559439
-4.56,3,2.559838
9.75,50,2.565926
7.9,50,2.571522
-5.06,3,2.571893
-4.38,19,2.573998
-2.77,11,2.575222
7.85,50,2.580668
-5.06,3,2.595563
-0.28,34,2.599924
-3.17,6,2.600672
-3.56,3,2.601041
-2.64,22,2.603562
-1.05,20,2.605792
-6.81,18,2.607821
5.54,48,2.613071
11.25,50,2.630412
10.4,50,2.636587
-5.06,3,2.637
-2.02,21,2.639369
-2.17,11,2.640602
-2.66,18,2.642577
8.5,50,2.648455
-0.06,18,2.650948
-2.91,13,2.669041
2.71,47,2.674282
-5.84,12,2.675645
-2.93,9,2.676666
-5.99,7,2.67747
-0.56,18,2.679507
-3.56,3,2.679876
-3.04,12,2.681877
-3.21,8,2.692246
-4.12,11,2.693499
-3.58,4,2.693971
2.96,47,2.699833
-2.67,11,2.701221
-2.73,14,2.702854
7.62,49,2.708243
9.4,50,2.713712
-6.83,19,2.730801
0.56,42,2.736107
-1.95,15,2.737837
-3.56,3,2.73821
-2.9,15,2.739878
2.04,28,2.742972
-5.06,3,2.743335
-2.26,23,2.745869
-0.5,20,2.759791
-2.58,4,2.760319
-1.37,16,2.762147
-2.28,19,2.764301
-0.73,19,2.767024
10.9,50,2.772676
-5.28,4,2.773158
-3.1,5,2.773743
0.41,32,2.787798
-3.56,3,2.788202
8.3,50,2.793694
-3.82,11,2.794934
-5.06,3,2.795304
7.8,50,2.801329
8.6,50,2.807051
-3.1,5,2.807642
-3.65,10,2.824295
-0.45,20,2.826562
11.0,50,2.832681
2.05,40,2.837283
2.72,39,2.841628
-3.74,12,2.842977
-3.99,7,2.843778
-3.54,7,2.844584
8.4,50,2.912281
-4.15,15,2.916492
-2.47,6,2.917324
-4.56,3,2.91772
-1.07,16,2.919626
-5.28,4,2.92014
4.5,50,2.925934
10.05,50,2.933301
10.15,50,2.95567
0.89,33,2.959594
-3.56,3,2.960024
-3.6,5,2.960639
-3.56,3,2.96102
0.65,40,2.966816
0.49,28,2.970211
-5.62,6,2.971123
-2.84,12,2.986995
2.3,50,2.992802
-4.29,12,2.99424
-5.9,10,2.995392
9.45,50,3.00166
-5.06,3,3.002086
-3.56,3,3.00247
-5.28,9,3.003502
-1.06,13,3.016519
0.55,30,3.019913
9.75,50,3.025584
-6.12,6,3.026272
0.84,33,3.029939
-4.45,15,3.032063
11.1,50,3.037909
-0.62,21,3.040291
-4.93,4,3.05682
1.24,28,3.059971
9.95,50,3.06603
-1.45,35,3.07006
-4.93,4,3.070547
-2.25,25,3.073294
-2.43,9,3.074302
-6.22,16,3.076091
-2.65,10,3.090306
3.25,50,3.095847
-1.68,14,3.097453
-1.19,22,3.10035
-5.28,4,3.100867
0.49,28,3.104005
-0.71,33,3.107637
-2.58,4,3.108101
9.85,50,3.126262
-2.6,5,3.126925
-5.29,12,3.128308
11.4,50,3.134487
-2.4,10,3.135687
5.1,50,3.141339
7.45,50,3.146846
4.89,48,3.152912
6.65,50,3.178816
-1.93,19,3.181036
-1.41,13,3.183129
-4.18,9,3.184246
-3.14,22,3.18676
-4.36,13,3.188227
-2.08,19,3.19035
-3.92,36,3.194322
-2.51,13,3.209833
2.41,27,3.212882
-4.97,6,3.21359
-0.33,34,3.217906
-0.44,22,3.220438
-5.06,3,3.220805
-1.81,38,3.224999
-3.62,11,3.226228
12.8,50,3.243607
-5.06,3,3.244008
1.04,18,3.246056
-0.89,47,3.251954
-4.68,14,3.253585
11.9,50,3.25908
-1.9,20,3.261299
7.7,50,3.26726
-2.45,10,3.28692
-3.56,3,3.287318
1.59,28,3.290399
-3.56,3,3.290762
-6.34,7,3.291552
-1.78,19,3.293671
-1.45,25,3.296443
-2.58,4,3.29693
-3.73,9,3.306099
-2.62,6,3.306837
-5.1,5,3.307426
-4.12,11,3.308654
-4.06,3,3.309015
-3.56,3,3.309377
-3.01,8,3.310279
-3.08,4,3.310744
-5.06,3,3.315173
-3.88,9,3.316363
-2.19,7,3.317205
7.9,50,3.322726
-2.58,4,3.323198
-4.88,9,3.324204
-5.06,3,3.32456
-1.64,17,3.326431
-2.82,6,3.33509
9.2,50,3.340668
-2.49,32,3.344161
4.0,35,3.348413
-3.56,3,3.348913
-7.05,10,3.350121
-3.85,45,3.355127
3.66,47,3.360243
-2.42,21,3.379701
9.9,50,3.385959
-3.86,8,3.386919
0.03,26,3.389775
-2.95,5,3.390386
9.25,50,3.395856
-0.07,31,3.399829
9.55,50,3.40544
-3.56,3,3.423621
-4.25,10,3.424808
-2.64,7,3.425617
-3.89,7,3.426419
7.8,50,3.432512
11.8,50,3.438174
0.87,29,3.441378
6.1,50,3.446978
4.53,46,3.46822
-3.56,3,3.468646
-1.27,16,3.47054
8.7,50,3.476071
1.97,44,3.480953
-3.1,5,3.48204
-0.35,30,3.485494
-1.8,10,3.486631
-1.6,25,3.504774
-3.56,3,3.505182
2.76,37,3.509285
5.25,50,3.515226
-2.84,7,3.516239
-3.56,3,3.516618
-2.82,6,3.51731
10.8,50,3.522838
8.3,50,3.545759
-4.88,9,3.547016
4.39,38,3.552551
-3.12,6,3.553365
-2.16,18,3.555552
0.68,31,3.559081
1.94,38,3.563529
9.3,50,3.570407
-0.69,17,3.592336
8.3,50,3.598344
8.1,50,3.604328
-5.28,4,3.604828
-4.08,4,3.605301
11.5,50,3.610747
-2.08,14,3.612338
8.65,50,3.618446
-3.56,3,3.636841
-1.23,9,3.637932
-1.08,24,3.640599
-2.64,12,3.641931
-5.06,3,3.642291
-3.56,3,3.642683
-3.56,3,3.643036
13.05,50,3.64928
-1.34,17,3.659195
-4.06,3,3.659577
-3.56,3,3.659941
-0.22,41,3.665583
-3.36,8,3.666714
3.71,47,3.67202
0.17,24,3.674671
-1.39,37,3.678765
-0.59,27,3.696166
-5.06,3,3.696588
0.66,27,3.700224
6.7,50,3.705922
-4.02,6,3.706645
-2.2,20,3.708853
-4.92,16,3.710642
-3.56,3,3.711017
-2.53,9,3.724022
-3.56,3,3.724431
-4.04,7,3.725245
-4.56,3,3.725609
-3.56,3,3.725968
-3.56,3,3.726325
-2.98,24,3.732482
-5.49,12,3.734119
1.46,27,3.742042
-4.82,6,3.742747
-0.29,32,3.746401
-4.28,4,3.746928
-5.06,3,3.747301
6.04,48,3.754222
-5.06,3,3.7547
-2.01,8,3.755759
9.9,50,3.771911
-2.4,30,3.775277
4.5,50,3.78078
-2.97,11,3.78267
8.5,50,3.788325
-3.95,10,3.789505
-2.39,17,3.791414
0.07,19,3.793493
-3.56,3,3.811923
0.44,48,3.818156
-4.78,29,3.821471
0.58,41,3.825979
-4.79,17,3.827847
-3.82,16,3.829609
0.32,19,3.832262
-3.1,5,3.832958
-5.06,3,3.846426
-4.06,3,3.846853
-3.56,3,3.847226
-4.51,8,3.849022
-4.98,24,3.851961
-2.07,31,3.855496
-3.62,6,3.856196
-4.56,3,3.856555
-2.09,22,3.865475
0.61,42,3.870338
-1.39,17,3.872243
-3.12,6,3.872935
-2.97,11,3.874167
7.75,50,3.879645
9.85,50,3.885876
-4.16,8,3.886842
-3.3,5,3.9026
-0.2,25,3.90547
5.9,50,3.910983
-3.1,5,3.911577
-5.06,3,3.911957
-3.95,10,3.913101
-2.88,9,3.914158
-5.43,29,3.917899
2.41,42,3.933105
7.55,50,3.938789
-0.85,45,3.943742
8.0,50,3.949751
3.0,50,3.955347
-4.03,9,3.956377
10.5,50,3.961866
-2.58,4,3.962351
-3.1,25,3.987934
1.42,49,3.993373
7.5,50,3.999565
-3.56,3,4.000022
-5.06,3,4.0004
-2.1,10,4.001574
3.45,45,4.006609
-2.62,11,4.007857
-5.49,12,4.024264
-2.29,12,4.025655
-0.42,21,4.027981
-3.56,3,4.028365
-2.32,11,4.029684
7.25,50,4.035993
-3.52,26,4.03895
-1.56,18,4.041017
-1.49,17,4.054855
-5.06,3,4.05527
-5.06,3,4.055636
7.9,50,4.0612
3.01,47,4.067325
-0.76,18,4.069393
-4.56,3,4.069764
-4.73,9,4.070776
