#{"t_start": 1785338556.768363, "env_id": "None"}
r,l,t
-3.69,7,0.811584
-1.77,26,0.813123
-5.06,3,0.813308
7.4,50,0.816486
-2.7,10,0.817602
-4.93,4,0.817853
-2.76,13,0.986856
-4.58,9,0.988746
1.77,24,0.994033
-5.49,7,0.995485
-5.14,7,0.996432
8.0,50,1.007921
6.0,50,1.018221
-3.21,18,1.021898
-5.06,3,1.022576
-3.56,3,1.022847
-4.05,25,1.02832
-1.84,7,1.029399
-1.95,5,1.031044
11.3,50,1.040157
-3.56,3,1.04141
9.65,50,1.05096
-4.32,26,1.056106
-5.06,3,1.056776
-5.75,10,1.058902
-2.17,11,1.061061
10.95,50,1.072477
4.2,40,1.079987
7.4,50,1.09102
-2.74,22,1.094932
-3.56,3,1.095622
8.1,50,1.105678
1.76,27,1.110961
-5.88,34,1.118696
-2.54,7,1.120169
-4.3,5,1.121093
-3.56,3,1.12237
2.4,50,1.132753
-4.08,4,1.133587
-3.93,9,1.135154
-2.88,14,1.1386
-3.56,3,1.139398
-3.59,17,1.142896
-4.06,3,1.143589
-3.49,7,1.145011
-4.34,7,1.146622
9.9,50,1.157748
-3.1,5,1.158677
-3.56,3,1.159911
6.1,50,1.170569
8.8,50,1.180221
-5.1,5,1.181709
-3.88,9,1.184219
1.49,23,1.189219
-2.38,19,1.193256
-2.71,8,1.194927
1.14,33,1.202636
0.41,27,1.207921
-3.71,13,1.21018
11.95,50,1.220168
9.8,50,1.231077
-2.78,9,1.233009
-2.94,17,1.236259
1.85,40,1.244422
5.1,50,1.25604
7.55,50,1.266849
-3.41,8,1.268601
-2.73,14,1.271884
0.62,29,1.27847
6.35,50,1.289983
-3.45,15,1.292958
-5.06,3,1.293702
-2.67,21,1.299562
-0.01,18,1.30359
-3.56,3,1.304327
7.35,50,1.315214
-3.5,40,1.324404
-4.06,3,1.325221
-4.08,4,1.326047
-3.56,3,1.326922
-3.6,15,1.330683
-3.1,5,1.332549
9.05,50,1.342793
-4.83,19,1.346756
1.27,34,1.355139
-6.39,27,1.361104
1.74,28,1.369558
-4.8,5,1.370996
-5.35,15,1.375667
-4.84,27,1.384471
-3.14,12,1.390714
8.7,50,1.403182
-5.57,11,1.406939
-2.85,30,1.418229
8.8,50,1.432126
1.04,28,1.439852
-3.1,5,1.441887
-0.77,36,1.451894
-4.25,10,1.454649
-1.15,10,1.456668
-3.26,28,1.463566
-5.06,3,1.464777
-7.57,21,1.469146
-2.32,6,1.470788
3.75,50,1.482111
12.51,27,1.488094
-2.19,12,1.490576
-3.56,3,1.49129
11.73,21,1.496366
0.55,50,1.507669
-4.51,8,1.509259
-2.32,6,1.510297
-5.03,14,1.514008
-2.39,22,1.519069
3.96,42,1.528257
1.65,45,1.538221
6.2,50,1.549689
1.79,38,1.558431
-1.26,18,1.562125
-4.56,8,1.56482
1.39,33,1.576679
-3.56,3,1.577092
-2.1,10,1.583775
1.83,36,1.593366
-2.95,5,1.62529
10.8,50,1.646354
-4.06,3,1.646711
11.2,50,1.660676
-1.37,16,1.667215
-2.47,21,1.672249
4.05,50,1.684692
8.2,50,1.69523
9.7,50,1.707967
-5.06,3,1.708267
10.15,50,1.720026
-4.06,3,1.720888
6.41,42,1.731277
10.0,50,1.743555
0.71,32,1.751373
4.69,33,1.758456
10.0,50,1.770407
4.53,36,1.778354
3.05,50,1.790133
-0.83,39,1.799276
10.9,50,1.811076
8.4,50,1.823742
2.96,27,1.829648
-3.47,6,1.83188
9.75,50,1.843676
-4.06,3,1.844572
-2.62,6,1.846206
1.29,13,1.849562
-0.47,36,1.858747
-3.56,3,1.859632
9.15,50,1.871606
7.95,50,1.885941
2.89,28,1.893584
10.25,50,1.907002
11.05,50,1.920593
3.84,43,1.931803
7.5,50,1.94534
-3.1,5,1.946495
-3.56,3,1.948209
-3.52,6,1.949811
6.4,50,1.962395
8.65,50,1.973811
6.25,50,1.987175
9.1,50,2.000479
4.14,28,2.008034
-1.43,9,2.010512
-3.3,5,2.011544
12.85,50,2.023491
-2.54,7,2.02584
2.66,37,2.035075
8.7,50,2.046596
2.11,17,2.050981
6.8,50,2.063356
0.55,50,2.074968
11.2,50,2.087229
-3.56,3,2.08763
-3.62,6,2.089858
9.7,50,2.10182
-4.12,6,2.103456
9.35,50,2.114751
-2.97,6,2.117275
-1.96,18,2.12141
6.85,50,2.133783
6.85,50,2.144822
7.3,50,2.158267
3.67,49,2.169946
-4.62,6,2.171822
8.6,50,2.183447
7.75,50,2.196414
12.7,50,2.208314
8.4,50,2.220345
-4.56,3,2.220747
1.4,40,2.230809
8.25,50,2.242694
7.0,50,2.255402
-3.56,3,2.256518
8.75,50,2.270957
-4.06,3,2.271412
10.0,50,2.286222
9.45,50,2.301634
7.6,50,2.31543
4.66,47,2.326293
7.75,50,2.33801
9.6,50,2.350099
9.1,50,2.362099
10.85,50,2.374736
9.25,50,2.386633
2.87,24,2.392012
9.4,50,2.404862
-1.18,14,2.407978
-5.62,6,2.409586
-4.06,3,2.409955
-2.55,15,2.41431
11.2,50,2.426451
-3.56,3,2.426865
8.95,50,2.438818
-0.53,14,2.442611
8.1,50,2.45501
6.65,50,2.466681
9.6,50,2.478201
8.7,50,2.490823
-3.17,16,2.49443
9.55,50,2.506886
-1.54,12,2.50987
8.2,50,2.522877
-2.06,8,2.524721
-4.56,3,2.525581
7.95,50,2.538754
12.23,21,2.544052
-4.49,7,2.545875
9.25,50,2.557678
12.12,24,2.563047
-4.06,3,2.564992
10.35,50,2.576402
11.1,50,2.588383
11.0,50,2.599955
7.5,50,2.612346
-2.58,4,2.613264
8.15,50,2.624681
3.61,27,2.631375
9.4,50,2.643651
-3.62,6,2.644807
-0.67,11,2.647761
-3.56,3,2.64886
3.31,27,2.655449
11.3,50,2.667627
8.55,50,2.678851
-3.58,4,2.679845
-2.36,13,2.684607
-3.56,3,2.685006
-4.06,3,2.685896
11.55,50,2.698929
11.05,50,2.711607
11.55,50,2.723814
-2.73,9,2.725805
1.66,37,2.734512
8.5,50,2.746709
12.85,50,2.758273
5.25,50,2.770374
-1.8,20,2.774901
8.85,50,2.788085
11.1,50,2.800572
8.5,50,2.811827
10.17,9,2.813759
-3.45,5,2.816558
9.3,50,2.828248
-0.93,14,2.832358
0.13,26,2.837986
8.9,50,2.850953
9.55,50,2.861877
11.45,50,2.873785
9.6,50,2.885172
9.05,50,2.898249
-4.06,3,2.898622
10.95,50,2.910028
8.1,50,2.921587
3.75,40,2.931727
8.05,50,2.943265
7.75,50,2.954705
0.07,24,2.960082
-3.93,4,2.961596
-2.06,8,2.9634
-2.37,16,2.967667
11.45,50,2.979393
9.3,50,2.991816
11.05,50,3.003904
10.4,50,3.015278
7.45,50,3.02668
-1.43,9,3.0293
2.68,46,3.041481
0.22,39,3.05407
10.3,50,3.068786
3.07,24,3.075486
9.25,50,3.089024
8.7,50,3.101821
10.2,50,3.113014
8.45,50,3.125939
10.7,50,3.13771
-3.4,10,3.140384
11.45,50,3.152059
11.15,50,3.164411
10.3,50,3.176369
10.5,50,3.188862
-2.57,11,3.191942
9.05,50,3.204722
11.02,9,3.206995
3.29,43,3.217206
11.75,50,3.228591
8.2,50,3.241274
-3.56,3,3.242152
2.14,38,3.251659
8.35,50,3.263121
7.4,50,3.275568
-1.69,12,3.278256
6.11,47,3.289529
8.6,50,3.30191
9.2,50,3.314191
0.44,48,3.325446
11.65,50,3.337646
7.1,50,3.349075
3.2,35,3.358116
-3.45,5,3.359147
8.15,50,3.371154
1.4,25,3.376556
11.95,50,3.389062
2.79,48,3.400523
10.04,8,3.40239
7.95,50,3.414277
10.25,50,3.426349
10.75,50,3.438507
9.05,50,3.450101
-0.15,20,3.454713
10.55,50,3.467565
-0.6,25,3.47308
-0.06,28,3.479231
8.75,50,3.503237
10.43,11,3.506212
10.2,50,3.51904
10.35,50,3.530152
9.65,50,3.542401
-1.97,16,3.546912
10.5,50,3.558502
8.3,50,3.570701
10.6,50,3.582724
8.15,50,3.595143
7.9,50,3.606833
10.35,50,3.618819
10.89,8,3.620616
9.05,50,3.632941
8.65,50,3.644334
9.3,50,3.656072
11.45,50,3.668004
9.0,50,3.680124
9.85,50,3.69242
-0.28,24,3.698457
9.25,50,3.70945
4.45,50,3.722441
4.63,46,3.733065
-2.21,13,3.736346
10.8,50,3.74787
4.9,50,3.760525
10.8,50,3.772183
8.1,50,3.784142
-6.18,9,3.786088
9.9,50,3.798597
8.6,50,3.810068
9.1,50,3.821785
11.8,50,3.83374
-4.21,8,3.836197
9.2,50,3.847915
0.55,15,3.851693
11.58,16,3.855239
7.85,50,3.868263
9.3,50,3.879262
11.21,17,3.883626
9.7,50,3.89511
-4.6,5,3.896686
2.11,22,3.902776
-1.23,14,3.905868
-4.12,6,3.907505
10.8,10,3.910144
-3.56,3,3.911021
-3.45,5,3.912092
-3.32,6,3.914034
8.75,50,3.926373
-2.73,9,3.92839
10.3,10,3.931457
5.21,42,3.941063
9.45,50,3.95421
1.36,22,3.960339
-1.45,15,3.964129
9.95,50,3.975866
-2.9,15,3.979704
8.6,50,3.991982
9.05,50,4.003644
10.4,50,4.015682
-4.3,10,4.018427
0.08,16,4.022275
7.2,50,4.034444
7.5,50,4.045359
10.4,50,4.058327
11.45,50,4.069843
8.4,50,4.081731
12.97,24,4.087363
11.3,50,4.099685
-2.8,5,4.101213
-0.36,18,4.10514
10.3,50,4.117251
5.24,38,4.126388
-3.56,3,4.127137
10.6,50,4.138975
5.3,50,4.150816
13.15,50,4.162948
11.65,50,4.175647
8.45,50,4.187354
9.75,50,4.199432
-3.6,5,4.201103
9.75,50,4.212843
10.65,50,4.224598
11.95,50,4.236613
6.75,50,4.249322
9.2,50,4.261147
10.8,50,4.275167
10.0,50,4.287808
14.51,32,4.296037
5.0,50,4.308085
8.75,50,4.320227
8.5,50,4.331821
10.8,50,4.344303
11.4,50,4.356122
1.26,27,4.362584
4.3,50,4.373863
11.05,50,4.386693
9.0,50,4.398076
12.25,50,4.409556
1.01,17,4.413309
14.7,40,4.423739
10.65,50,4.43582
7.95,50,4.446834
12.05,50,4.459036
3.2,30,4.467865
-4.86,33,4.475736
10.1,50,4.489501
7.8,50,4.502098
8.6,50,4.515199
6.8,50,4.526918
8.85,50,4.539145
10.7,50,4.552274
11.95,50,4.567178
8.15,50,4.579661
9.85,50,4.594365
-4.56,3,4.595376
8.45,50,4.609581
10.05,50,4.62173
9.95,50,4.633602
11.15,10,4.636135
12.2,50,4.648491
9.0,50,4.660222
7.8,50,4.671832
9.75,50,4.684289
-3.56,3,4.685216
11.2,50,4.696866
8.2,50,4.708613
5.6,50,4.720383
8.95,50,4.733021
9.3,50,4.744516
9.95,50,4.756011
9.1,50,4.768044
9.3,50,4.779914
7.95,50,4.792093
10.1,50,4.803557
9.95,50,4.81564
-1.52,16,4.820086
8.7,50,4.831713
8.55,50,4.843194
5.68,46,4.853727
9.05,50,4.866941
-2.73,14,4.86987
10.25,50,4.881691
11.02,9,4.883672
-5.06,3,4.88519
11.25,50,4.896692
-4.06,3,4.898104
7.3,50,4.909805
2.82,34,4.918585
10.55,50,4.930095
11.1,50,4.942118
8.8,50,4.954085
10.75,50,4.966575
9.9,50,4.97799
9.8,50,4.98987
7.1,50,5.001995
7.4,50,5.014516
10.15,50,5.026141
10.25,50,5.037976
7.7,50,5.049843
9.35,50,5.061854
9.25,50,5.074112
-3.43,4,5.075017
11.1,50,5.086624
9.3,50,5.099664
10.9,50,5.110802
10.4,50,5.122884
8.2,50,5.1346
6.6,50,5.147461
10.45,50,5.159689
6.65,50,5.171741
7.3,50,5.183689
8.8,50,5.196995
9.75,50,5.20864
8.5,50,5.220985
10.75,50,5.232605
8.0,50,5.244955
-1.32,11,5.247348
2.14,28,5.254227
2.79,33,5.262073
8.05,50,5.274593
9.8,50,5.286673
11.7,50,5.298548
11.15,50,5.310309
10.0,50,5.322978
-3.56,3,5.323862
10.4,50,5.335862
10.9,50,5.34938
9.15,50,5.36218
8.25,50,5.37446
8.9,50,5.386189
10.25,50,5.398393
3.91,42,5.408513
10.35,50,5.420773
-2.95,5,5.421791
8.7,50,5.433722
7.7,50,5.445368
-3.56,3,5.446213
-3.62,6,5.447703
8.2,50,5.459205
11.05,50,5.47155
10.45,50,5.483343
6.8,50,5.494184
11.84,18,5.499486
14.05,35,5.510664
9.75,50,5.523238
-5.12,6,5.525079
10.95,50,5.537123
12.45,50,5.551484
11.75,50,5.562398
9.0,50,5.574515
3.07,29,5.581678
8.85,50,5.59375
8.8,50,5.605874
7.4,50,5.617508
11.55,50,5.629034
9.4,50,5.641561
9.1,50,5.653666
-3.56,3,5.654493
9.5,50,5.666103
9.95,50,5.678965
11.8,50,5.690442
11.2,50,5.70248
11.5,50,5.713497
9.05,50,5.726891
10.95,50,5.738578
8.65,50,5.750557
4.06,32,5.75777
9.65,50,5.770302
10.3,50,5.782352
10.89,8,5.784266
7.35,50,5.795172
6.75,50,5.808106
8.3,50,5.819734
11.75,50,5.831897
7.35,50,5.842969
10.45,50,5.855912
11.6,50,5.867702
12.12,24,5.873084
