run_id,algo,seed,total_timesteps,training_time_seconds,n_episodes,final_mean_reward,best_mean_reward,model_path,hp_learning_rate,hp_gamma,hp_n_steps,hp_batch_size,hp_n_epochs,hp_ent_coef,hp_net_arch
ppo_00,PPO,2000,20000,7.16,754,4.2785,5.786,models/pg/ppo/ppo_00/model.zip,0.0003,0.99,256,64,10,0.0,"[64, 64]"
ppo_01,PPO,2001,20000,6.3,941,-0.2025,3.5005,models/pg/ppo/ppo_01/model.zip,0.0001,0.99,256,64,10,0.0,"[64, 64]"
ppo_02,PPO,2002,20000,6.62,618,6.8875,9.8885,models/pg/ppo/ppo_02/model.zip,0.001,0.99,256,64,10,0.0,"[64, 64]"
ppo_03,PPO,2003,20000,6.33,641,5.375,8.392,models/pg/ppo/ppo_03/model.zip,0.0003,0.95,256,64,10,0.0,"[64, 64]"
ppo_04,PPO,2004,20000,6.2,669,5.8985,7.4725,models/pg/ppo/ppo_04/model.zip,0.0003,0.9,256,64,10,0.0,"[64, 64]"
ppo_05,PPO,2005,20000,6.31,712,2.916,7.6365,models/pg/ppo/ppo_05/model.zip,0.0003,0.99,512,64,10,0.0,"[64, 64]"
ppo_06,PPO,2006,20000,8.36,692,4.2765,5.5605,models/pg/ppo/ppo_06/model.zip,0.0003,0.99,256,32,10,0.0,"[64, 64]"
ppo_07,PPO,2007,20000,4.71,877,-1.0595,3.6655,models/pg/ppo/ppo_07/model.zip,0.0003,0.99,256,64,4,0.0,"[64, 64]"
ppo_08,PPO,2008,20000,6.72,623,5.934,6.2445,models/pg/ppo/ppo_08/model.zip,0.0003,0.99,256,64,10,0.0,"[128, 128]"
ppo_09,PPO,2009,20000,6.07,721,4.7475,4.928,models/pg/ppo/ppo_09/model.zip,0.0003,0.99,256,64,10,0.0,"[32, 32]"
ppo_10,PPO,2010,20000,6.89,778,2.8715,5.988,models/pg/ppo/ppo_10/model.zip,0.0003,0.99,256,64,10,0.02,"[64, 64]"
ppo_11,PPO,2011,20000,5.06,648,7.6745,8.9975,models/pg/ppo/ppo_11/model.zip,0.001,0.995,512,128,10,0.0,"[128, 64]"
