#{"t_start": 1785056462.54712, "env_id": "None"}
r,l,t
-3.56,3,0.002441
-3.56,3,0.002978
-2.62,16,0.005513
-3.8,5,0.006323
-4.25,10,0.007885
-1.09,27,0.012472
-2.3,15,0.014812
-3.45,10,0.016365
-3.77,26,0.020314
-4.18,9,0.021721
-5.06,3,0.022205
-3.56,3,0.02269
-5.1,5,0.023494
-5.25,35,0.029459
8.45,50,0.03714
-1.84,22,0.040578
1.48,31,0.062551
-3.56,8,0.063947
-2.56,8,0.06528
-3.56,3,0.065802
-4.54,7,0.066986
-3.47,6,0.067977
-4.6,5,0.068808
-1.87,21,0.072122
-6.35,15,0.074521
7.95,50,0.083127
8.9,50,0.091306
-0.52,21,0.09552
-4.56,3,0.096101
-3.56,8,0.09744
-3.56,3,0.097966
-3.42,11,0.099765
-4.56,3,0.100283
-4.06,3,0.100796
-2.58,4,0.10147
-1.41,13,0.120346
11.75,50,0.128573
-4.7,25,0.132594
-3.29,17,0.135231
-3.95,10,0.136791
8.1,50,0.144958
-3.86,8,0.146358
-4.12,11,0.148093
-3.08,4,0.148753
-3.56,3,0.149244
-4.06,3,0.149735
-1.12,26,0.153709
-1.73,9,0.15511
-2.93,14,0.157272
-3.41,18,0.160284
12.15,50,0.184133
-2.16,18,0.18701
-2.19,7,0.188107
-3.56,3,0.188596
-2.42,16,0.19108
-4.08,4,0.191809
-2.53,29,0.196629
6.65,50,0.204281
6.95,50,0.212537
-3.56,3,0.213146
-4.56,3,0.213644
-0.09,27,0.217788
-3.49,12,0.235791
1.05,50,0.243942
-3.21,8,0.245326
-3.48,19,0.248259
-3.12,11,0.249989
10.55,50,0.257567
-5.06,3,0.258135
-4.79,12,0.260363
-3.16,8,0.261687
-5.06,3,0.262186
-4.1,5,0.262993
-5.05,10,0.264557
-3.64,12,0.266426
-4.05,10,0.268004
-2.73,9,0.269409
-3.93,4,0.270056
2.9,50,0.293665
-3.56,3,0.294381
6.47,44,0.301114
-5.06,3,0.301605
-4.88,9,0.302999
-3.33,24,0.306653
-4.18,19,0.310009
-2.45,15,0.312381
-1.41,18,0.31515
4.1,50,0.322766
-3.56,3,0.323341
8.45,50,0.347502
6.3,50,0.355332
-3.56,3,0.355886
-5.06,3,0.356379
-3.56,3,0.35687
-2.91,8,0.358136
-2.82,6,0.35908
11.1,50,0.367114
-3.56,3,0.367718
-1.6,10,0.369285
-1.84,12,0.371143
-4.29,32,0.376181
-2.79,22,0.379793
-1.41,23,0.38333
-3.27,11,0.385068
-3.56,3,0.385569
-5.06,3,0.386073
-1.72,11,0.387818
-3.8,10,0.405681
-2.51,18,0.408665
-5.06,3,0.409386
-4.86,8,0.410746
-2.86,8,0.412019
9.2,50,0.419655
-5.06,3,0.420215
1.96,27,0.424357
1.08,36,0.430248
-3.27,16,0.432747
-0.24,37,0.438361
3.09,33,0.44369
-5.06,3,0.44426
0.94,18,0.463077
-4.8,5,0.463925
-1.9,10,0.465489
0.58,36,0.470999
-3.66,13,0.473015
5.62,49,0.480952
-2.55,20,0.484078
-4.34,7,0.485179
-2.18,9,0.486578
8.2,50,0.494545
-5.06,3,0.495159
-1.75,30,0.499719
-3.56,3,0.500224
-3.56,3,0.50071
-1.93,24,0.520408
-0.25,20,0.52359
-5.2,25,0.527898
-2.61,23,0.531506
8.05,50,0.53934
-4.08,4,0.540097
-4.99,7,0.54124
-3.56,3,0.541737
7.45,50,0.549824
1.16,37,0.555669
9.85,50,0.58001
8.0,50,0.587984
-6.12,6,0.589064
1.34,33,0.594551
-1.86,13,0.596653
-1.32,16,0.599143
-2.68,14,0.60133
-1.47,11,0.603031
-3.82,6,0.603976
-3.56,3,0.604464
2.13,26,0.608447
-4.36,8,0.609845
-3.23,19,0.613019
-3.56,3,0.613526
-3.19,7,0.614627
1.06,37,0.636938
-5.55,15,0.639313
-1.69,17,0.641962
-3.56,3,0.642522
2.35,50,0.650844
-4.08,4,0.651609
-3.56,3,0.652105
3.25,45,0.659014
-3.99,7,0.660363
-2.19,7,0.661581
-3.56,3,0.662081
1.63,31,0.666856
-2.73,9,0.668261
-2.37,16,0.670729
-4.3,10,0.672294
7.1,50,0.697167
5.49,43,0.703812
-1.79,17,0.706414
-1.78,9,0.707836
-1.62,11,0.7097
-3.52,26,0.7139
-2.23,9,0.715316
11.9,50,0.722842
7.75,50,0.730973
-2.34,12,0.749529
-3.56,3,0.750081
-5.06,3,0.750588
-2.6,15,0.752925
3.3,40,0.759396
-4.06,3,0.760025
-1.14,12,0.761943
1.88,31,0.766733
-0.6,10,0.768309
-0.08,24,0.771986
-3.56,3,0.77248
-4.3,5,0.773293
4.5,50,0.78149
-5.06,3,0.782103
-3.42,21,0.785341
-4.53,14,0.787502
-2.64,7,0.788598
0.19,23,0.808428
10.5,50,0.81658
5.1,50,0.824348
-3.1,10,0.826068
0.49,38,0.832101
-2.14,22,0.835503
0.72,24,0.839161
-4.58,9,0.840575
8.55,50,0.864493
-3.47,6,0.865557
4.1,45,0.872404
-2.45,20,0.875484
-1.46,18,0.87858
0.09,48,0.885872
-1.33,44,0.892866
-0.69,37,0.89853
-1.31,13,0.900542
-2.13,19,0.919545
-2.53,9,0.921005
-2.06,23,0.924615
-4.06,3,0.925111
-3.49,7,0.926375
-4.38,9,0.927996
-4.02,11,0.92973
-5.6,10,0.931305
-5.08,14,0.933476
-4.21,13,0.935476
-3.12,6,0.936417
-4.56,3,0.936908
-4.45,20,0.939985
-4.56,3,0.940486
-3.04,7,0.941592
-1.78,9,0.94322
8.2,50,0.951314
-1.82,6,0.952389
6.2,50,0.97602
-2.82,11,0.978125
-1.34,37,0.983828
7.35,50,0.991437
2.97,34,0.997182
-1.97,16,0.999706
-3.41,18,1.002541
-4.06,3,1.003046
-3.1,5,1.003848
9.0,50,1.011818
3.35,50,1.035607
-5.06,3,1.036207
-0.53,34,1.041441
-3.39,12,1.043507
10.2,50,1.05193
8.2,50,1.060838
-1.03,19,1.064076
-4.08,4,1.064762
-1.06,18,1.067688
-3.6,5,1.068536
-5.06,3,1.069054
-3.01,13,1.071228
-2.45,5,1.072204
-2.97,6,1.073269
-4.08,4,1.073981
-3.56,3,1.091923
-1.73,9,1.093937
0.92,19,1.097134
-0.49,27,1.101533
9.6,50,1.110707
-2.18,9,1.11279
4.4,50,1.120692
-0.28,14,1.124078
5.05,50,1.132204
-4.6,5,1.133128
-0.71,23,1.153066
9.95,50,1.161418
-2.06,8,1.162817
-4.56,3,1.163315
-2.73,14,1.165488
-1.59,32,1.17038
-5.06,3,1.170872
3.8,50,1.178868
-3.88,9,1.180379
5.55,50,1.187992
9.6,50,1.214694
-3.56,3,1.215317
6.85,50,1.22302
-3.56,3,1.223572
0.99,18,1.226634
-2.58,19,1.229771
-3.56,3,1.230284
-1.39,32,1.235178
1.92,19,1.238094
-0.73,19,1.241021
1.31,17,1.244193
-3.08,9,1.245649
-5.68,19,1.248581
-6.34,7,1.249682
-3.56,3,1.250187
-5.06,3,1.250687
1.2,40,1.273054
-2.43,14,1.275323
-4.97,6,1.276485
-3.56,3,1.277099
-5.99,7,1.278246
-2.51,8,1.279512
8.8,50,1.287078
2.75,50,1.295214
-0.58,24,1.299013
-4.06,3,1.299509
-2.38,9,1.300918
-0.07,26,1.304871
-3.56,3,1.30536
8.55,50,1.329126
3.85,50,1.336899
-3.56,3,1.337448
-3.1,5,1.338241
8.05,50,1.346149
-3.56,3,1.346755
-2.45,10,1.348337
-3.56,18,1.351123
-5.06,3,1.351616
-2.69,12,1.353478
-3.01,13,1.355482
-1.46,33,1.360978
8.75,50,1.384887
-2.01,18,1.387773
-3.56,3,1.388265
-4.99,7,1.38938
-4.18,19,1.39232
-4.75,10,1.394209
0.64,23,1.39782
-1.73,9,1.399226
-4.58,9,1.400627
-4.75,15,1.40294
-3.56,3,1.403426
-2.1,20,1.40649
9.8,50,1.414645
10.75,50,1.42237
4.35,40,1.445034
-4.04,7,1.446196
-4.16,13,1.448218
-4.56,3,1.448709
-5.1,5,1.449516
-2.16,13,1.451525
6.19,48,1.458841
10.5,50,1.466739
1.22,34,1.472016
-1.18,24,1.475756
0.69,28,1.496295
-4.56,3,1.49684
-3.56,3,1.497341
-4.15,25,1.501182
3.03,41,1.507424
-5.06,3,1.507943
-6.34,7,1.509419
2.46,47,1.516764
-3.56,3,1.517272
-3.56,3,1.517761
7.45,50,1.52534
-2.33,19,1.528615
-3.1,5,1.52946
-2.06,13,1.531467
-4.08,4,1.532108
1.52,39,1.5548
-1.71,8,1.556121
9.1,50,1.564229
-4.06,3,1.564842
-1.05,25,1.568718
-2.82,6,1.569731
11.85,50,1.57788
0.39,48,1.585372
-2.08,4,1.58603
10.35,50,1.594285
5.9,50,1.617865
2.79,33,1.623013
-3.7,20,1.626211
-3.56,3,1.626812
-3.77,16,1.629402
6.9,50,1.640728
10.6,50,1.649429
-6.83,19,1.652574
-3.38,9,1.653982
-3.56,3,1.654474
-2.95,5,1.671862
10.7,50,1.680267
-4.03,9,1.681817
-3.06,8,1.683075
-0.12,36,1.688552
-1.02,21,1.691942
4.04,38,1.698199
-4.28,4,1.698889
3.39,38,1.704713
11.0,50,1.712768
-3.56,3,1.729517
-0.34,12,1.731491
-2.34,12,1.733394
10.65,50,1.74115
7.9,50,1.749456
-3.6,10,1.751141
-5.06,3,1.751636
-4.56,3,1.752126
0.2,20,1.755181
1.16,37,1.761041
-3.54,7,1.762163
-1.7,15,1.764476
9.05,50,1.788196
-2.45,5,1.789125
-2.28,14,1.791323
7.95,50,1.79951
-3.56,3,1.80011
-4.62,6,1.801067
8.85,50,1.808677
3.36,47,1.816243
0.8,40,1.822347
0.83,31,1.843076
-3.41,8,1.844652
5.05,50,1.852285
-2.44,17,1.854961
-4.25,10,1.856529
-3.78,4,1.857182
-4.12,21,1.860719
-4.17,6,1.861723
-3.56,3,1.862215
-4.3,5,1.863014
6.5,50,1.870573
5.75,50,1.878669
-2.56,13,1.880819
-5.06,3,1.881316
-4.08,4,1.881963
4.33,36,1.903572
-5.06,3,1.904107
-4.26,33,1.909358
9.05,50,1.91727
11.75,50,1.924996
9.45,50,1.932972
-4.06,3,1.933588
-5.06,3,1.93408
-3.19,7,1.935174
-5.06,3,1.935661
-5.06,3,1.93615
6.91,37,1.957962
11.0,50,1.966101
-4.06,3,1.966719
11.25,50,1.974293
-3.49,7,1.975471
-2.86,8,1.976965
-1.58,19,1.980001
-1.06,13,1.982016
10.95,15,1.984342
11.05,50,1.991927
-2.96,28,2.012548
0.05,50,2.020302
-0.73,19,2.023325
8.35,50,2.031217
-0.9,10,2.032873
6.1,50,2.040469
-3.56,3,2.041015
7.05,50,2.049203
0.13,31,2.070759
-5.62,6,2.071792
-4.06,3,2.072307
-5.23,9,2.073742
-0.74,17,2.076604
0.31,32,2.081655
9.3,50,2.089242
-2.45,40,2.095797
-4.69,27,2.100016
8.85,50,2.107672
-3.56,8,2.10901
5.7,40,2.131362
9.35,50,2.138968
-5.06,3,2.139548
-5.49,7,2.140653
-3.45,5,2.14152
9.25,50,2.149418
1.36,42,2.155908
0.36,17,2.158768
-3.45,5,2.159802
-2.75,15,2.162157
-5.66,13,2.164156
-2.04,22,2.183615
6.25,50,2.191382
7.75,50,2.19944
-4.72,21,2.202771
11.5,50,2.210682
-2.34,22,2.214139
-1.69,12,2.215985
3.7,50,2.239547
-1.23,19,2.242781
-2.81,23,2.246658
7.05,50,2.254329
-2.77,11,2.256117
-3.47,6,2.257072
-1.99,12,2.258963
-3.1,5,2.260007
-4.07,21,2.26348
-4.04,7,2.2646
-3.56,3,2.265093
-5.06,3,2.26558
10.2,50,2.273199
1.92,29,2.278077
-3.56,3,2.278601
-2.36,18,2.297588
-4.56,3,2.298133
-5.06,3,2.298631
6.95,50,2.306259
6.65,50,2.314332
-0.16,38,2.320222
-3.23,9,2.32163
-1.95,5,2.322422
-3.19,7,2.323542
-4.08,4,2.32419
4.75,50,2.332214
-2.69,7,2.333459
-3.62,6,2.334413
-4.59,17,2.353137
-4.62,6,2.354141
-5.06,3,2.354641
7.8,50,2.362727
-3.71,13,2.364848
-5.06,3,2.365344
2.03,41,2.371562
-2.2,20,2.374625
-3.54,27,2.378988
6.15,50,2.386581
1.7,50,2.40989
-4.71,13,2.412174
8.65,50,2.419808
10.15,50,2.428043
-2.58,4,2.428819
7.75,50,2.436428
-3.56,3,2.436975
-0.75,30,2.441607
-1.25,30,2.446496
8.55,50,2.470287
-3.56,3,2.470885
-5.06,3,2.471382
0.03,16,2.473883
-4.06,3,2.474389
0.68,36,2.480327
-2.32,21,2.483633
-3.56,3,2.484128
-3.56,3,2.484618
8.3,50,2.492426
-2.3,10,2.494282
-3.56,3,2.494793
0.5,25,2.498639
7.35,50,2.522392
10.75,50,2.530586
-1.48,34,2.535929
-1.7,20,2.538998
-2.95,5,2.539795
-5.06,3,2.540294
-6.12,6,2.541227
3.97,44,2.548323
-2.34,17,2.551046
3.56,27,2.555216
9.7,50,2.57981
2.79,48,2.587279
-4.06,3,2.587804
-3.51,8,2.589096
-3.45,5,2.589929
-3.93,4,2.590567
-4.12,6,2.591547
-5.06,3,2.592035
-3.3,5,2.592998
-3.67,6,2.594172
-4.28,4,2.594878
-2.54,7,2.595988
6.7,50,2.603545
-3.6,5,2.604412
-2.6,10,2.605959
8.75,50,2.61414
-2.9,15,2.616648
-3.56,3,2.617144
-0.99,17,2.619749
8.35,50,2.644615
-3.1,10,2.646357
-4.64,17,2.648991
0.46,47,2.656136
3.41,37,2.662262
-6.82,6,2.66328
1.05,30,2.669298
-1.1,20,2.672668
-8.38,14,2.67503
-4.56,3,2.6757
6.75,50,2.706322
8.4,50,2.714541
1.96,47,2.721787
9.15,50,2.729785
1.67,34,2.735121
1.71,47,2.742491
-4.34,17,2.761248
-1.38,9,2.762732
-3.62,6,2.763696
-0.41,23,2.767242
7.65,50,2.774852
-3.56,3,2.77544
-4.39,47,2.782836
9.4,50,2.790434
-5.36,13,2.792635
-1.88,49,2.816547
1.36,32,2.821515
-0.8,15,2.823855
7.95,50,2.831848
0.41,47,2.83907
-3.08,4,2.839721
4.65,50,2.847757
-2.58,4,2.848529
-3.64,17,2.851174
-4.46,18,2.853954
-4.87,26,2.874855
-3.56,3,2.875392
-1.8,10,2.877303
0.19,23,2.88092
-4.56,3,2.881416
-4.06,3,2.881915
-3.6,5,2.882712
3.24,33,2.887775
-0.08,14,2.889949
-2.97,11,2.891672
10.5,50,2.899657
6.5,50,2.90737
-6.16,13,2.909606
-0.03,39,2.931841
-2.53,24,2.935619
-4.21,8,2.936874
7.2,50,2.94498
-5.01,8,2.94638
2.4,50,2.954069
-2.64,22,2.95746
0.04,23,2.961324
8.4,50,2.968938
6.05,45,2.992038
9.95,50,2.999957
-5.77,11,3.00177
-5.06,3,3.002266
5.76,32,3.007148
-5.06,3,3.007657
8.35,50,3.015879
-1.08,14,3.018167
1.02,29,3.022616
-0.31,18,3.025429
-3.66,8,3.042245
-5.06,3,3.042951
7.5,50,3.051249
1.52,24,3.05519
-2.38,14,3.057413
5.15,50,3.066261
-3.18,14,3.068568
9.05,50,3.076471
8.45,50,3.100699
0.51,17,3.103509
9.4,50,3.11164
-3.56,3,3.112258
-2.95,15,3.114605
3.4,35,3.119969
10.8,50,3.127974
3.75,50,3.13576
11.2,50,3.159809
-3.34,7,3.161305
5.18,46,3.168371
-2.58,4,3.169015
-0.71,38,3.17481
5.75,50,3.182885
-1.3,50,3.19063
1.93,36,3.196509
3.3,50,3.220159
-3.25,10,3.221833
-2.73,9,3.223283
-2.11,18,3.226255
-3.56,3,3.226963
8.1,50,3.234663
-6.82,6,3.235684
-3.99,22,3.239062
5.2,50,3.247137
-2.32,6,3.248208
7.85,50,3.27201
-3.56,3,3.27261
4.3,50,3.28076
-3.36,8,3.282121
-3.1,5,3.282927
-4.38,9,3.284338
-4.8,15,3.286635
7.15,50,3.294556
0.47,19,3.2976
-4.06,3,3.298099
7.9,50,3.305694
-0.26,23,3.309468
-4.06,3,3.310016
-2.62,6,3.311152
-2.19,7,3.328185
-3.93,4,3.328885
10.6,50,3.336485
-3.12,16,3.339007
-1.49,17,3.341653
-5.04,7,3.342978
3.41,47,3.350404
3.95,50,3.358003
-4.01,13,3.360456
5.4,50,3.384148
-4.14,12,3.386162
3.8,50,3.394212
7.85,50,3.401957
-0.84,22,3.405367
9.45,50,3.413445
-2.51,8,3.414813
7.55,50,3.422399
-4.12,6,3.423416
6.31,42,3.446228
-4.56,3,3.446771
2.4,50,3.454452
-4.38,14,3.456715
12.2,50,3.464664
10.65,50,3.472355
-5.06,3,3.472902
9.55,50,3.496675
-3.56,3,3.497338
7.95,50,3.505052
-4.56,3,3.505601
-1.84,17,3.508275
1.16,37,3.514385
2.76,27,3.518572
7.85,50,3.526473
6.8,50,3.534398
-5.84,17,3.537112
7.7,50,3.565385
-3.43,4,3.566194
2.5,50,3.574485
5.45,50,3.583155
1.34,43,3.589927
4.6,45,3.597507
-1.78,24,3.617717
2.08,41,3.624136
-1.68,14,3.626605
-2.51,8,3.628186
6.55,50,3.635935
-0.28,34,3.641265
10.6,50,3.649611
0.21,32,3.654618
-5.06,3,3.65511
-0.59,17,3.673832
6.65,50,3.68222
-4.06,3,3.682845
5.45,50,3.69039
8.4,50,3.698293
-1.45,20,3.701454
-2.37,16,3.703896
7.75,50,3.711803
-2.28,39,3.734007
6.25,50,3.741756
-3.56,3,3.742441
0.77,39,3.748802
-3.25,25,3.75269
0.16,32,3.7576
-7.28,39,3.764004
-1.53,29,3.768485
-2.58,4,3.76913
6.1,50,3.793154
6.75,50,3.801181
2.03,31,3.805963
3.29,43,3.812912
3.35,50,3.820599
-3.56,3,3.821097
4.73,31,3.826028
-2.19,17,3.844575
-2.09,27,3.848988
3.85,50,3.856605
4.3,50,3.865017
9.35,50,3.872975
4.7,50,3.881165
-1.21,18,3.884055
-3.43,4,3.900926
9.8,50,3.908789
4.95,40,3.915356
-3.56,3,3.915892
-2.45,5,3.916704
-0.97,11,3.918401
-3.71,13,3.920399
4.7,50,3.928403
-5.1,5,3.929331
12.15,50,3.936951
-4.56,3,3.937497
2.15,50,3.961485
-2.74,17,3.964253
-0.78,14,3.966434
-4.06,3,3.966945
9.45,50,3.974594
-4.91,28,3.979229
-3.62,16,3.981749
-4.56,3,3.982245
0.07,29,3.98666
1.97,24,3.990351
8.45,50,4.016059
11.75,50,4.023954
-5.06,3,4.02453
-2.58,14,4.027111
8.3,50,4.034855
6.5,50,4.042703
-2.4,15,4.04547
11.3,50,4.05347
-3.9,20,4.057485
-3.58,4,4.077989
10.75,50,4.085777
-3.34,22,4.089533
8.85,50,4.097926
7.65,50,4.105782
-3.24,17,4.108549
1.27,29,4.113374
8.05,50,4.137455
8.7,50,4.14577
-3.56,3,4.146389
9.4,50,4.154091
-3.56,3,4.154655
-5.53,9,4.15609
0.93,31,4.161266
-1.23,9,4.162755
-2.19,7,4.163869
6.8,50,4.171547
-2.43,9,4.173061
10.45,50,4.197052
11.3,50,4.204806
-4.08,4,4.205507
-4.8,40,4.211939
-2.55,30,4.216534
-2.32,21,4.219729
-4.06,3,4.220216
-3.01,23,4.223727
-0.65,15,4.226171
-4.6,10,4.22795
10.05,50,4.251592
-4.12,6,4.252659
9.0,50,4.260649
7.3,50,4.268494
-4.56,3,4.26905
0.69,33,4.27412
-8.25,10,4.275804
0.03,21,4.279329
-3.56,3,4.279856
-4.08,9,4.281269
5.9,50,4.288848
2.65,25,4.309667
9.7,50,4.317364
-4.06,3,4.317931
7.35,50,4.325533
-3.56,3,4.326235
4.4,50,4.334181
-1.23,34,4.33946
-4.06,3,4.339954
9.45,50,4.51059
-0.81,28,4.517569
8.8,50,4.53544
-2.12,21,4.539668
-3.6,5,4.540578
-2.34,7,4.541759
-0.19,17,4.545053
-0.86,13,4.547247
7.9,50,4.556671
12.0,50,4.564997
7.05,50,4.59422
-7.21,28,4.599217
-3.56,3,4.599793
9.95,50,4.608002
-5.06,3,4.608625
-3.34,7,4.610129
-5.06,3,4.610938
-4.06,3,4.611488
-4.02,11,4.613231
-0.1,25,4.617149
-1.36,18,4.620328
5.05,50,4.628773
-2.31,18,4.650046
-3.71,8,4.651408
-5.39,27,4.655914
-0.99,22,4.661105
5.25,50,4.668977
-2.27,21,4.672573
-4.08,4,4.673239
9.0,50,4.681327
2.08,26,4.685495
