#{"t_start": 1785056538.669224, "env_id": "None"}
r,l,t
-3.56,3,0.006831
-3.56,3,0.008543
-2.62,16,0.013689
-3.8,5,0.015321
-4.25,10,0.019398
-1.29,22,0.026127
-3.49,7,0.028849
-4.56,3,0.02937
9.15,50,0.045675
0.12,14,0.05042
-5.06,3,0.05244
-4.3,5,0.054096
-0.17,31,0.063566
-0.9,50,0.080091
-2.32,6,0.081962
-3.73,14,0.087396
-4.64,17,0.092588
-3.38,9,0.095622
-2.32,6,0.097404
-4.06,3,0.098692
-5.06,3,0.099213
-3.66,8,0.102817
-1.86,23,0.110326
9.15,50,0.12753
-6.07,21,0.134864
-5.06,3,0.135463
-3.56,3,0.136979
-8.31,18,0.142926
-4.08,4,0.143602
10.8,50,0.160168
-1.43,19,0.166312
-0.27,36,0.178384
-3.58,4,0.17985
10.7,50,0.196641
-4.27,16,0.202275
0.43,21,0.209779
-2.67,6,0.211542
-2.19,7,0.213446
1.97,34,0.22536
10.75,50,0.241905
3.3,50,0.258618
10.05,50,0.27532
12.15,50,0.291979
8.85,50,0.308587
-3.56,3,0.309952
-4.78,4,0.310633
-6.63,19,0.316729
-5.06,3,0.318633
-2.95,5,0.320419
-3.56,3,0.32099
-1.84,12,0.325323
-3.17,11,0.328754
-5.1,5,0.330365
-2.49,12,0.334203
-2.8,5,0.336392
-3.32,11,0.340517
-5.06,3,0.341039
-0.66,18,0.34701
1.37,34,0.359141
9.7,50,0.375697
-3.56,3,0.376313
-3.66,13,0.380676
8.15,50,0.397151
0.19,33,0.407815
-3.56,3,0.409155
-3.56,3,0.410407
-5.06,3,0.410918
-2.86,13,0.415286
-0.88,14,0.420621
10.5,50,0.437062
8.65,50,0.453666
-2.71,13,0.45738
-3.56,3,0.458676
-4.01,8,0.460722
6.65,50,0.477186
-3.46,18,0.483235
9.15,50,0.499821
10.25,50,0.516926
10.1,50,0.534531
-3.21,8,0.538053
-3.75,15,0.543037
-3.56,3,0.543624
-5.06,3,0.54497
-5.06,3,0.545498
-0.97,26,0.55537
6.18,46,0.570485
-1.17,11,0.573826
12.05,50,0.590349
-4.51,8,0.593277
-6.89,22,0.599847
-3.45,5,0.60216
-3.32,6,0.604222
-4.56,3,0.605614
-3.56,3,0.606131
-5.06,3,0.607433
-3.56,3,0.608739
8.8,50,0.625183
-4.43,9,0.627504
8.55,50,0.644019
-5.28,4,0.645583
2.45,50,0.662492
1.26,37,0.675656
-5.06,3,0.676211
6.2,50,0.692577
-3.08,4,0.694099
11.85,50,0.710838
5.7,50,0.727537
-3.56,3,0.728832
-4.06,3,0.72935
-5.88,29,0.739346
-3.83,24,0.747322
-4.58,9,0.750387
11.25,50,0.766766
12.19,18,0.772794
9.95,50,0.78919
7.95,50,0.805673
-6.12,6,0.807517
-3.56,3,0.808858
-4.6,5,0.810481
-4.6,15,0.815205
-5.12,6,0.816974
-3.56,3,0.81901
-2.61,38,0.830413
9.75,50,0.84708
-3.58,9,0.850286
-2.81,18,0.85719
-5.14,7,0.859199
0.68,21,0.865711
-4.06,3,0.867024
-4.43,4,0.869212
-3.95,5,0.870854
-3.02,21,0.877251
-5.06,3,0.878507
-6.3,5,0.880071
-3.6,5,0.881651
5.7,50,0.898027
5.4,50,0.914439
-2.64,12,0.969396
-3.18,19,1.122213
-2.56,8,1.13077
-1.79,22,1.162521
-3.56,3,1.165049
1.79,18,1.196197
9.65,50,1.254796
-0.03,19,1.273735
10.35,50,1.30301
-5.06,3,1.303692
-2.32,6,1.306882
-0.64,22,1.31712
-4.73,9,1.322799
9.65,50,1.388696
-3.84,7,1.391246
7.45,50,1.426557
10.35,50,1.467491
9.8,50,1.490863
7.7,50,1.545144
-4.23,9,1.549297
-0.84,17,1.617669
-5.06,3,1.624102
11.95,50,1.687069
9.55,50,1.716324
8.1,50,1.755561
-4.06,3,1.75758
-3.09,22,1.766829
-6.16,8,1.772182
-4.56,3,1.772813
6.6,50,1.795472
-3.62,16,1.805953
11.4,50,1.828041
11.15,50,1.849923
9.5,50,1.883158
10.85,50,1.902925
-3.56,3,1.904762
10.9,50,1.924369
10.55,50,1.943499
-4.53,14,1.948425
-6.49,32,1.960603
-2.6,15,1.966057
-4.84,7,1.97045
11.1,15,1.975721
-3.35,25,1.988247
-2.85,20,1.995843
-3.64,17,2.003249
-5.33,19,2.02368
-3.19,12,2.027699
8.35,50,2.046505
-5.57,11,2.051605
-4.08,4,2.053516
-3.11,23,2.061992
-3.56,3,2.062562
9.15,50,2.080878
-3.56,3,2.082397
-4.08,4,2.084517
-5.06,3,2.085577
-3.37,16,2.091956
-2.06,8,2.094166
-3.45,5,2.095834
-5.35,20,2.103853
-3.56,3,2.105313
10.05,50,2.13079
8.2,50,2.172056
-3.56,3,2.172786
-4.12,6,2.180321
3.85,50,2.213519
-4.94,12,2.22071
11.2,50,2.263464
-6.34,7,2.268113
-2.21,18,2.289594
-2.3,10,2.29451
-1.19,17,2.302207
-4.56,3,2.304072
-3.64,7,2.306252
-7.22,11,2.310838
-3.56,3,2.311419
-3.08,14,2.316384
-4.12,6,2.319777
-5.79,17,2.326304
-2.58,4,2.327033
9.2,50,2.345355
-2.97,11,2.35003
-6.86,8,2.357848
-0.62,21,2.377764
-3.56,3,2.380379
7.7,50,2.40349
7.3,50,2.433234
-0.87,46,2.452733
-2.25,20,2.459846
9.25,50,2.478251
-3.08,4,2.479963
-2.82,11,2.483607
8.2,50,2.503556
-3.82,31,2.5299
0.03,31,2.553348
-4.47,6,2.555668
-3.65,25,2.568076
10.75,50,2.589984
2.08,41,2.624526
12.32,19,2.631456
12.25,50,2.649376
9.1,50,2.679289
-5.37,16,2.692056
2.92,39,2.708394
11.15,50,2.728186
-0.8,30,2.742088
3.54,28,2.752864
-1.77,11,2.757257
-4.2,15,2.762025
-3.56,3,2.762569
5.45,50,2.780443
-2.79,12,2.785874
-4.54,17,2.791094
-3.56,3,2.792378
6.75,50,2.80905
11.05,50,2.825615
9.5,50,2.842207
-1.42,26,2.851126
10.95,50,2.869005
-7.81,18,2.874472
-4.92,16,2.880118
10.15,50,2.896743
0.16,17,2.902894
-3.58,4,2.904412
-3.56,3,2.904925
10.04,8,2.907792
-4.06,3,2.909064
-3.97,6,2.910811
8.95,50,2.928699
2.35,50,2.947757
-2.94,17,2.95479
-8.84,22,2.962561
10.9,50,2.979706
12.0,50,2.996648
-4.43,4,2.997451
11.8,50,3.015212
7.85,50,3.043451
9.65,50,3.062364
5.0,50,3.079027
-1.34,12,3.083357
-1.78,9,3.087161
5.65,50,3.103806
-3.43,4,3.104609
-5.1,5,3.106247
-3.21,8,3.109134
8.75,50,3.125502
-4.44,12,3.129056
-1.69,7,3.131743
8.45,50,3.148276
-4.51,8,3.150729
-5.12,11,3.155496
-1.34,12,3.159005
-7.54,22,3.165603
-5.06,3,3.166895
3.55,35,3.178862
2.72,29,3.188844
9.3,50,3.205768
8.15,50,3.222496
-3.28,24,3.230291
-3.5,25,3.238965
11.1,50,3.255542
-4.29,22,3.262304
6.0,50,3.278655
0.26,32,3.289248
-2.69,32,3.299824
-5.1,5,3.30224
9.5,50,3.321935
8.3,50,3.340029
5.35,50,3.357492
-5.06,3,3.358107
-3.56,3,3.359398
-4.06,3,3.360822
10.15,50,3.37962
-2.58,4,3.380429
-0.43,14,3.385762
-3.56,3,3.387227
3.95,35,3.398336
6.2,50,3.414899
-3.56,3,3.415531
-3.38,9,3.419301
7.1,50,3.435827
0.97,39,3.448206
-1.69,7,3.45012
0.89,23,3.458557
-4.73,9,3.461584
-2.06,13,3.465203
9.2,50,3.481839
-2.63,29,3.492102
8.3,50,3.509412
1.65,40,3.523202
10.43,11,3.526809
-8.13,29,3.537369
7.75,50,3.554454
-3.33,49,3.571147
6.75,50,3.587593
-2.62,31,3.597104
-1.68,34,3.608672
7.95,50,3.625246
-3.56,33,3.636697
0.08,21,3.643145
-4.6,5,3.644722
3.27,39,3.657854
-3.56,3,3.65843
-3.56,3,3.65972
-0.09,22,3.666293
-3.56,3,3.668177
8.7,50,3.685508
-0.09,12,3.689204
-4.1,10,3.692399
9.4,50,3.709152
0.95,50,3.72573
6.85,50,3.742169
-3.58,4,3.743703
-3.56,3,3.744968
-1.53,44,3.759019
1.93,26,3.768446
-4.06,3,3.769028
-3.56,3,3.770375
-1.92,11,3.773692
-3.49,7,3.775593
-1.04,47,3.791615
-3.78,4,3.793084
9.35,50,3.809671
-3.56,3,3.810312
-5.06,3,3.811689
-3.56,3,3.812225
-3.9,10,3.815479
9.9,50,3.836751
-1.71,8,3.840835
-3.1,20,3.848174
9.25,50,3.864972
-4.06,3,3.866349
-5.06,3,3.86687
-4.43,4,3.870179
-1.49,27,3.880713
-2.62,21,3.889123
-3.56,3,3.889681
4.7,45,3.904365
-3.56,3,3.905813
-2.82,6,3.907646
-1.16,43,3.922324
-6.55,10,3.925909
-5.1,5,3.928508
5.7,50,3.946583
-2.69,7,3.948635
-3.56,3,3.949937
-3.56,3,3.951031
-2.75,50,3.968391
-1.49,12,3.973183
-3.98,14,3.977311
7.45,50,3.99523
-3.6,5,3.997035
-4.21,28,4.008058
-6.86,13,4.012805
10.85,50,4.033758
9.95,10,4.038365
9.5,50,4.056647
9.15,50,4.088266
-3.56,3,4.089042
-7.24,17,4.096149
9.65,50,4.125285
-4.38,9,4.127886
5.85,50,4.14757
-1.52,36,4.164177
12.45,50,4.182505
-0.9,20,4.190496
-3.56,3,4.191094
-4.06,3,4.192456
-4.06,3,4.192977
-4.68,9,4.196121
-0.73,49,4.215198
-2.93,4,4.218332
-4.06,3,4.219397
-3.56,3,4.221791
-2.3,10,4.225519
-5.93,39,4.240616
1.03,41,4.259455
-3.56,3,4.260745
7.95,50,4.277912
-1.95,35,4.290073
-4.9,10,4.293284
-3.56,3,4.293817
-5.06,3,4.295095
-1.69,12,4.298608
10.3,50,4.314995
0.64,33,4.326481
-0.29,22,4.333268
-0.21,23,4.341745
-8.29,12,4.345252
-2.58,4,4.346715
-2.73,9,4.349734
-1.1,20,4.357064
-3.84,7,4.359057
7.7,50,4.37606
-4.43,4,4.377624
-1.19,7,4.379533
4.55,50,4.396288
5.59,43,4.411311
-2.95,10,4.414521
-3.56,3,4.415855
-2.17,11,4.420021
-4.09,22,4.426638
11.0,50,4.443354
-3.56,3,4.444737
-4.06,3,4.445246
-1.18,19,4.452162
10.45,50,4.468611
0.85,50,4.485433
-4.32,6,4.487307
9.0,50,4.503733
2.25,50,4.521444
-3.56,3,4.522829
-2.16,48,4.539044
-2.7,15,4.544141
8.4,50,4.561362
-2.75,10,4.564641
0.85,20,4.571793
-1.66,23,4.578729
-1.49,7,4.581633
8.0,50,4.598029
-5.06,3,4.59864
5.9,50,4.614978
-0.57,36,4.626938
-2.05,15,4.631623
-5.06,3,4.632903
7.75,50,4.649785
0.12,34,4.661464
-5.06,3,4.66201
-3.43,9,4.665042
-4.06,3,4.666362
5.25,50,4.683001
7.6,50,4.699708
9.85,50,4.716858
-1.25,10,4.720986
8.85,50,4.737563
4.85,50,4.754211
5.5,50,4.770637
-4.6,5,4.772344
-3.56,3,4.772854
3.29,33,4.783581
-2.11,13,4.788773
-2.92,26,4.796746
6.1,50,4.813259
-0.89,12,4.816861
6.65,50,4.833765
-3.56,3,4.836024
-3.56,3,4.836591
-0.33,34,4.847742
-3.56,3,4.849116
-3.1,5,4.851122
5.15,35,4.86245
11.7,50,4.878893
10.05,50,4.895259
4.61,27,4.904244
4.55,50,4.920809
-5.06,3,4.922207
-4.49,7,4.924149
4.95,50,4.941134
-0.96,23,4.949615
5.0,50,4.966623
11.5,50,4.98346
0.09,13,4.987887
3.06,32,4.998246
-3.92,16,5.004722
7.95,50,5.021333
10.43,11,5.024742
5.05,40,5.038003
9.65,50,5.054843
-4.06,3,5.056222
-4.92,11,5.059516
-0.79,17,5.064471
1.91,47,5.080672
7.25,50,5.097164
-1.76,33,5.108073
8.0,50,5.124432
5.8,50,5.140934
10.3,50,5.157395
12.95,50,5.173971
7.95,50,5.190682
-4.7,20,5.197077
-0.15,50,5.213424
1.67,49,5.230258
6.65,50,5.246856
-2.99,7,5.249669
-4.19,22,5.256969
-3.56,3,5.258257
6.45,50,5.274787
4.0,50,5.291375
4.85,45,5.306485
-1.2,10,5.309697
-3.56,3,5.310217
-1.87,31,5.320764
7.8,50,5.33714
8.65,50,5.354015
5.95,50,5.370479
-3.19,12,5.374795
2.86,37,5.38666
1.83,46,5.401046
-4.56,3,5.402811
-4.06,3,5.404142
-4.06,3,5.404667
9.5,50,5.421088
9.6,50,5.437797
8.2,50,5.454317
-4.28,4,5.455847
12.95,50,5.472284
-3.82,6,5.474146
-3.56,3,5.47544
-3.93,14,5.479972
9.35,50,5.496266
-3.6,5,5.497968
-1.79,12,5.502329
2.31,47,5.516903
10.45,50,5.534641
6.8,50,5.551699
11.75,50,5.569108
10.2,50,5.585611
-3.56,3,5.587168
9.7,50,5.603662
-3.36,18,5.609672
5.85,50,5.626514
10.65,50,5.643344
8.0,50,5.660007
-1.26,33,5.670747
8.4,50,5.687642
-3.56,3,5.689047
-2.48,14,5.693656
9.3,50,5.70993
-3.6,5,5.711804
9.05,50,5.728232
5.85,50,5.744719
-4.06,3,5.745328
-1.93,9,5.748321
2.55,50,5.764795
7.5,50,5.781392
4.55,50,5.797858
10.05,50,5.816607
-1.27,21,5.824026
9.85,50,5.840492
-3.56,3,5.841884
-1.25,15,5.846574
7.8,50,5.862993
-2.82,6,5.864901
-3.78,4,5.866381
8.8,50,5.883046
7.65,50,5.89955
9.5,50,5.915968
5.25,50,5.935058
-3.56,3,5.935618
9.9,50,5.952563
-3.1,5,5.954394
5.25,50,5.971161
-4.06,3,5.972579
7.0,50,5.98903
10.8,50,6.005708
0.16,27,6.013938
0.4,20,6.021227
-5.06,3,6.022558
-3.56,3,6.023825
4.24,33,6.03435
-0.58,44,6.048685
8.4,50,6.065118
4.95,50,6.081431
7.2,50,6.098314
8.9,50,6.114939
8.1,50,6.131445
8.15,50,6.148124
5.75,50,6.164667
9.9,50,6.181181
0.73,36,6.193483
-3.56,3,6.194786
6.15,50,6.211236
12.35,50,6.228076
6.05,50,6.244972
-2.86,8,6.247135
10.25,50,6.263736
13.38,26,6.273563
-4.06,3,6.274121
10.8,50,6.29085
11.35,50,6.309072
8.85,50,6.328671
-3.56,3,6.330044
-3.56,3,6.330555
9.1,50,6.347119
3.45,50,6.363725
7.3,50,6.380248
-1.3,10,6.384072
-6.38,9,6.387328
-4.06,3,6.388601
9.9,50,6.404923
6.35,50,6.421311
7.4,50,6.437957
9.4,50,6.454722
8.4,50,6.470993
-3.56,3,6.471597
1.55,25,6.479298
-2.47,11,6.48331
-4.06,3,6.484113
11.1,50,6.500856
11.1,50,6.518282
6.8,50,6.535807
7.35,50,6.553237
9.75,50,6.570149
1.5,20,6.576556
3.71,47,6.59306
10.85,50,6.609929
4.07,44,6.624601
8.35,50,6.640982
5.69,48,6.657303
8.6,50,6.673777
-3.56,3,6.675145
7.5,50,6.691674
-4.1,5,6.693343
-3.56,3,6.693859
10.5,50,6.710325
9.75,50,6.727297
11.45,50,6.74379
8.05,50,6.760375
1.48,31,6.770947
9.9,50,6.787525
-1.52,11,6.791716
8.35,50,6.80812
7.6,50,6.824813
12.58,21,6.831345
8.6,50,6.848001
11.15,50,6.864517
-4.06,3,6.865124
9.65,50,6.88196
-1.67,11,6.886906
8.05,50,6.903483
12.8,50,6.920182
9.45,50,6.936711
3.76,32,6.946487
0.77,19,6.953428
10.65,50,6.969845
-3.43,4,6.97142
10.4,50,6.987766
8.95,50,7.004141
0.49,33,7.014156
7.75,50,7.030503
9.85,50,7.046995
-3.56,3,7.048391
12.2,50,7.064723
1.17,39,7.077982
10.7,50,7.094911
2.24,38,7.107254
-0.9,10,7.110428
-4.06,3,7.111691
11.25,50,7.128188
12.1,20,7.135537
-3.56,3,7.136095
-2.97,11,7.140228
7.35,50,7.156627
6.25,50,7.173372
9.55,50,7.189992
12.05,50,7.206659
-1.04,12,7.210287
8.8,50,7.226959
10.65,50,7.243735
8.0,50,7.260318
9.05,50,7.27705
-1.29,17,7.282168
-3.69,12,7.287104
-3.56,3,7.287648
-0.29,27,7.296547
11.05,50,7.312918
8.6,50,7.329565
0.53,21,7.336898
-0.41,13,7.341346
-3.56,3,7.341893
1.37,19,7.348039
8.75,50,7.364204
11.05,50,7.380903
11.85,50,7.397322
-3.56,3,7.398697
9.8,50,7.415163
8.85,50,7.431709
-2.93,9,7.434351
-3.36,8,7.437642
-4.06,3,7.43894
7.9,50,7.455341
9.7,50,7.471864
9.15,50,7.488495
1.47,19,7.493974
-3.08,4,7.495405
10.25,50,7.512209
8.75,50,7.529426
10.75,50,7.546726
-4.56,3,7.548305
9.85,50,7.565242
9.0,50,7.582302
9.5,50,7.599029
8.45,50,7.615731
4.75,50,7.632208
3.35,50,7.648647
8.45,50,7.665305
10.15,50,7.682151
6.3,50,7.698634
8.2,50,7.717758
-0.53,24,7.726077
7.3,50,7.742747
-3.56,3,7.743357
-3.56,3,7.744632
0.81,32,7.755255
2.85,25,7.763095
