step,value
122,0.33938902616500854
210,0.3402581214904785
284,0.2193405032157898
371,0.2893950641155243
453,0.2191748023033142
564,0.23756200075149536
689,0.31427234411239624
762,0.3025224208831787
828,0.30360209941864014
865,0.3347373604774475
934,0.17025281488895416
1042,0.23291364312171936
1101,0.23037242889404297
1224,0.32036375999450684
1340,0.22528360784053802
1462,0.21019700169563293
1559,0.17619049549102783
1651,0.23671287298202515
1701,0.17371365427970886
1790,0.11358878761529922
1884,0.2666096091270447
1988,0.20751550793647766
2107,0.22428414225578308
2168,0.2517271935939789
2226,0.278865784406662
2318,0.33000388741493225
2403,0.30361607670783997
2526,0.20198777318000793
2640,0.321884423494339
2722,0.11596378684043884
2830,0.08354980498552322
2967,0.25972217321395874
3073,0.24547769129276276
3230,0.31945282220840454
3405,0.19224968552589417
3538,0.2763157784938812
3610,0.31059983372688293
3749,0.19349762797355652
3920,0.173687145113945
3984,0.10254429280757904
4184,0.2184579074382782
4276,0.24429497122764587
4387,0.08796966075897217
4540,0.4015657901763916
4652,0.19023633003234863
4776,0.22653645277023315
4931,0.18335987627506256
5084,0.20025426149368286
5227,0.07438576221466064
5380,0.205093652009964
5577,0.2186446487903595
5751,0.2130317986011505
5824,0.15321435034275055
5942,0.19632190465927124
6106,0.216409832239151
6234,0.3050622344017029
6345,0.0567208006978035
6447,0.1069582849740982
6600,0.08762620389461517
6731,0.12635564804077148
6801,0.18020625412464142
6932,0.4030377268791199
7001,0.2655016779899597
7147,0.2268751859664917
7317,0.19229920208454132
7476,0.13568782806396484
7571,0.10582134872674942
7771,0.17541000247001648
7924,0.11851973086595535
8088,0.2692209780216217
8166,0.12110034376382828
8366,0.05797547847032547
8510,0.21376553177833557
8684,0.21044857800006866
8844,0.2533997595310211
9005,0.20752063393592834
9157,0.07222627103328705
9298,0.13586407899856567
9457,0.05958406627178192
9655,0.08000749349594116
9770,0.1116240993142128
9926,0.15215742588043213
10096,0.2345561981201172
10249,0.12339460849761963
10410,0.06632569432258606
10576,0.10920794308185577
10734,0.0469411239027977
10934,0.04733230173587799
11108,0.28832846879959106
11267,0.1496739238500595
11426,0.2161465883255005
11626,0.048371266573667526
11715,0.14479166269302368
11882,0.05250094085931778
11929,0.1381533443927765
11953,0.1756126582622528
12064,0.12627865374088287
12201,0.2640518546104431
12366,0.25318706035614014
12492,0.06362500786781311
12666,0.10514780879020691
12789,0.199884295463562
12930,0.23240990936756134
13130,0.14889831840991974
13285,0.15880726277828217
13485,0.08849704265594482
13667,0.05903361737728119
13844,0.1456209123134613
14011,0.07205294817686081
14201,0.23653636872768402
14364,0.22791822254657745
14564,0.0747782438993454
14717,0.07754488289356232
14877,0.14729425311088562
15077,0.052501507103443146
15230,0.14842365682125092
15430,0.054278671741485596
15630,0.20354802906513214
15792,0.06955475360155106
15915,0.05413517355918884
16021,0.21902883052825928
16205,0.04745175316929817
16405,0.14105737209320068
16605,0.12055130302906036
16759,0.24867011606693268
16959,0.2183537781238556
17159,0.16492348909378052
17359,0.1470569670200348
17481,0.15352138876914978
17681,0.12766052782535553
17834,0.19709421694278717
18034,0.23086154460906982
18181,0.14121052622795105
18290,0.3479267954826355
18458,0.031386587768793106
18599,0.13834665715694427
18778,0.1518065333366394
18978,0.15129515528678894
19131,0.3376949429512024
19331,0.05285423994064331
19513,0.1569758504629135
19671,0.04618336260318756
19871,0.12607890367507935
