batch_index,entropy
0,2.0722780227661133
1,2.069023370742798
2,2.06927227973938
3,2.0669033527374268
4,2.0670549869537354
5,2.065840005874634
6,2.065358877182007
7,2.0651440620422363
8,2.0636229515075684
9,2.065708637237549
10,2.0649914741516113
11,2.06384015083313
12,2.063913106918335
13,2.066432476043701
14,2.0660400390625
15,2.067042350769043
16,2.067063808441162
17,2.0677261352539062
18,2.067514657974243
19,2.069808006286621
20,2.0692310333251953
21,2.068126916885376
22,2.068834066390991
23,2.0688040256500244
24,2.0680243968963623
25,2.0674896240234375
26,2.065098524093628
27,2.06546688079834
28,2.063814640045166
29,2.0649945735931396
30,2.064378261566162
31,2.0635297298431396
32,2.063124656677246
33,2.0636343955993652
34,2.0606930255889893
35,2.062556028366089
36,2.0616025924682617
37,2.0619006156921387
38,2.061708450317383
39,2.0611412525177
40,2.0600123405456543
41,2.0580081939697266
42,2.060213804244995
43,2.059051036834717
44,2.057609796524048
45,2.058149814605713
46,2.057997941970825
47,2.0560739040374756
48,2.0575108528137207
49,2.0566868782043457
50,2.057260274887085
51,2.058152198791504
52,2.057939291000366
53,2.0586163997650146
54,2.0591657161712646
55,2.058652639389038
56,2.0569050312042236
57,2.061034917831421
58,2.0580992698669434
59,2.0578196048736572
60,2.060464382171631
61,2.0617218017578125
62,2.062641143798828
63,2.062511682510376
64,2.064049005508423
65,2.0641212463378906
66,2.062619686126709
67,2.0644164085388184
68,2.064274549484253
69,2.0677382946014404
70,2.065840244293213
71,2.067884683609009
72,2.0678932666778564
73,2.067082166671753
74,2.0666279792785645
75,2.0641098022460938
76,2.063805341720581
77,2.06545352935791
78,2.0654361248016357
79,2.0648326873779297
80,2.0636298656463623
81,2.0631601810455322
82,2.0611824989318848
83,2.061086416244507
84,2.0587620735168457
85,2.05722713470459
86,2.054997682571411
87,2.056652784347534
88,2.053468942642212
89,2.0519304275512695
90,2.051565408706665
91,2.046217441558838
92,2.045809507369995
93,2.04183292388916
94,2.040355920791626
95,2.0409798622131348
96,2.036172866821289
97,2.0320024490356445
98,2.0337448120117188
99,2.0302062034606934
100,2.026381731033325
101,2.027095079421997
102,2.0292458534240723
103,2.021716833114624
104,2.0212466716766357
105,2.019343376159668
106,2.015399217605591
107,2.016207456588745
108,2.0116665363311768
109,2.011336088180542
110,2.0008819103240967
111,2.009272813796997
112,2.0067718029022217
113,1.9994076490402222
114,1.9986908435821533
115,1.9976056814193726
116,1.9933916330337524
117,1.9965533018112183
118,1.993051290512085
119,1.9946037530899048
120,1.9763497114181519
121,1.9844999313354492
122,1.9750325679779053
123,1.9776133298873901
124,1.9664860963821411
125,1.9667085409164429
126,1.952638030052185
127,1.9571177959442139
128,1.9493381977081299
129,1.940697431564331
130,1.9433506727218628
131,1.9298509359359741
132,1.9338552951812744
133,1.9241951704025269
134,1.9274928569793701
135,1.935494065284729
136,1.9270758628845215
137,1.9110617637634277
138,1.9158141613006592
139,1.9147413969039917
140,1.9089888334274292
141,1.8944423198699951
142,1.9114843606948853
143,1.9053630828857422
144,1.9000409841537476
145,1.9247854948043823
146,1.9329392910003662
147,1.9178009033203125
148,1.9434746503829956
149,1.9331512451171875
150,1.9037448167800903
151,1.9214452505111694
152,1.9363561868667603
153,1.9223155975341797
154,1.9316847324371338
155,1.894291877746582
156,1.926027536392212
157,1.9245173931121826
158,1.9267382621765137
159,1.9207885265350342
160,1.9173200130462646
161,1.9327863454818726
162,1.9466880559921265
163,1.9321917295455933
164,1.9386829137802124
165,1.926206111907959
166,1.927621841430664
167,1.9214979410171509
168,1.9350160360336304
169,1.9371150732040405
170,1.9350146055221558
171,1.9334579706192017
172,1.9323652982711792
173,1.924883484840393
174,1.9311671257019043
175,1.9269059896469116
176,1.9302819967269897
177,1.9289034605026245
178,1.9352723360061646
179,1.9341245889663696
180,1.9336683750152588
181,1.9307743310928345
182,1.9305230379104614
183,1.9299744367599487
184,1.932373046875
185,1.9327430725097656
186,1.93003511428833
187,1.940386176109314
188,1.9425193071365356
189,1.9444310665130615
190,1.9434075355529785
191,1.9470669031143188
192,1.9459673166275024
193,1.9423586130142212
194,1.9344048500061035
195,1.9404265880584717
196,1.9375401735305786
197,1.946524977684021
198,1.9413585662841797
199,1.9446156024932861
200,1.934130072593689
201,1.9327484369277954
202,1.9422370195388794
203,1.9414793252944946
204,1.9431509971618652
205,1.947938084602356
206,1.9482837915420532
207,1.9350565671920776
208,1.9421669244766235
209,1.9452104568481445
210,1.9180200099945068
211,1.9241498708724976
212,1.9278374910354614
213,1.9353896379470825
214,1.9372999668121338
215,1.923317313194275
216,1.9115092754364014
217,1.9125635623931885
218,1.9233218431472778
219,1.9119396209716797
220,1.8846862316131592
221,1.9106812477111816
222,1.9154123067855835
223,1.888655424118042
224,1.9024543762207031
225,1.878994107246399
226,1.8941349983215332
