#{"t_start": 1785338575.246872, "env_id": "None"}
r,l,t
4.9,50,0.008473
-3.38,24,0.011349
-8.4,15,0.013086
-5.53,24,0.015903
6.5,50,0.032161
-3.21,8,0.033212
-4.06,3,0.033587
2.0,45,0.039569
-1.22,21,0.049708
-4.13,14,0.05135
2.84,38,0.056221
-5.06,3,0.056657
7.35,50,0.067782
4.96,47,0.073769
-3.56,3,0.074203
-3.56,3,0.074579
6.4,50,0.087983
-3.17,36,0.092196
0.08,31,0.095719
8.35,50,0.101398
-5.8,5,0.114581
-2.56,13,0.116147
8.5,50,0.122369
6.4,50,0.127983
-4.54,7,0.137882
-2.82,6,0.138643
8.2,50,0.144314
-5.06,3,0.144685
3.0,35,0.153552
8.8,50,0.159101
-3.56,13,0.160569
-4.06,3,0.160933
-3.1,5,0.169145
7.2,50,0.174859
-4.82,11,0.17613
-1.49,12,0.177491
-3.07,11,0.184388
-2.58,4,0.185282
-0.68,24,0.188136
-4.56,3,0.188516
-4.97,6,0.192512
-5.06,3,0.192894
-0.88,24,0.195529
-0.2,25,0.198292
-3.1,5,0.203723
9.8,50,0.209384
4.35,50,0.214951
-3.56,3,0.215397
-5.06,3,0.224037
8.3,50,0.229622
2.19,48,0.235332
7.6,50,0.241111
-1.69,7,0.253061
-3.56,3,0.253479
-6.19,12,0.254871
0.37,29,0.258109
-4.96,13,0.26356
0.11,37,0.267661
8.6,50,0.273649
-5.06,3,0.274069
-3.24,12,0.282755
-0.44,32,0.286712
-5.25,15,0.2885
-1.19,17,0.290412
-3.56,3,0.29623
-3.6,5,0.296832
0.97,29,0.300029
-1.25,35,0.304296
-3.56,3,0.309917
9.75,50,0.315459
4.16,42,0.320582
-2.05,15,0.322424
0.27,19,0.332269
9.45,50,0.338339
9.0,50,0.343941
11.25,50,0.349433
-4.78,4,0.362338
-5.06,3,0.362747
-4.51,8,0.363669
-3.56,3,0.364035
-1.45,20,0.368062
-3.56,3,0.368722
-3.56,3,0.369165
-2.06,8,0.370141
-5.06,3,0.373135
9.45,50,0.378696
-3.56,3,0.379103
-0.69,17,0.381
-3.63,9,0.3877
-5.06,3,0.388113
-1.51,13,0.38956
-5.06,3,0.389916
-4.08,4,0.392538
0.15,20,0.394761
8.95,50,0.400275
-3.4,10,0.401519
-3.56,3,0.408599
-5.06,3,0.409027
8.85,50,0.414728
-3.56,3,0.415125
-1.47,16,0.422935
-6.06,23,0.425613
7.55,50,0.431368
9.75,50,0.437476
7.15,50,0.453401
-3.06,8,0.454518
-2.73,9,0.455558
-0.4,25,0.458346
7.15,50,0.471258
-3.34,7,0.472181
-0.4,30,0.475541
-4.56,3,0.475911
-2.25,15,0.484019
-2.92,21,0.486711
-5.01,13,0.488228
-3.56,3,0.488596
-3.06,13,0.493973
-4.09,17,0.495838
-3.62,16,0.497587
-3.56,3,0.497942
-5.06,3,0.502157
-4.73,19,0.504427
-5.06,3,0.504806
-1.01,13,0.506301
-2.38,9,0.510311
-4.78,4,0.510801
-3.45,5,0.511386
-4.14,32,0.514905
-5.06,3,0.519328
-4.54,17,0.521294
-2.86,8,0.522218
-5.06,3,0.522586
4.55,50,0.5304
-3.19,7,0.531243
-4.67,6,0.531938
-5.06,3,0.53231
1.61,32,0.541058
-5.06,3,0.541463
1.95,45,0.546454
-2.51,8,0.547384
-4.64,12,0.555495
0.35,40,0.559963
6.55,50,0.565448
-2.67,16,0.567269
-5.01,8,0.577075
9.65,50,0.582654
7.4,50,0.588682
4.0,50,0.594259
11.5,50,0.611492
-3.56,3,0.611898
-2.74,42,0.61651
10.2,50,0.62239
-3.79,17,0.634531
-4.12,6,0.63571
5.75,50,0.641397
-1.36,18,0.643408
-4.06,3,0.650315
10.05,50,0.656367
-2.43,9,0.65748
1.79,48,0.662764
-1.25,20,0.673429
9.95,50,0.678999
-1.41,23,0.681543
-2.04,12,0.683064
-3.49,12,0.69265
0.86,27,0.695682
7.35,50,0.701354
0.83,21,0.704121
8.05,50,0.717532
-4.06,3,0.717916
-3.56,3,0.719196
-3.56,3,0.719664
-3.95,10,0.72527
-3.56,3,0.725658
-1.49,7,0.72645
-0.18,24,0.729068
12.5,50,0.738515
-1.79,22,0.741163
-2.45,5,0.741758
-0.43,39,0.746102
-3.1,5,0.755475
-2.34,22,0.758013
-5.06,3,0.758384
6.55,50,0.763901
1.27,34,0.774106
9.6,50,0.779631
8.25,50,0.78571
11.8,50,0.791456
-2.68,44,0.809964
-0.42,16,0.811823
0.8,45,0.816745
-5.06,3,0.817146
-6.56,8,0.826664
-4.42,11,0.827954
-3.1,5,0.828548
-5.06,3,0.828916
-4.22,21,0.833497
0.28,31,0.837375
-2.32,6,0.838243
7.6,50,0.843835
-4.79,17,0.853843
-3.14,12,0.855255
-5.85,20,0.857497
-0.73,14,0.85911
9.9,50,0.869706
8.3,50,0.87539
-5.06,3,0.875786
-3.08,14,0.877394
-5.06,3,0.886425
0.72,44,0.891288
3.44,48,0.896554
0.11,32,0.900115
-2.97,21,0.911981
0.68,21,0.914379
-5.27,11,0.915665
-3.14,37,0.92067
10.95,50,0.932669
-4.11,13,0.934142
-3.23,9,0.935513
9.95,50,0.941139
-3.56,3,0.950144
0.79,23,0.953127
-0.6,25,0.955986
10.0,50,0.961535
-7.29,22,0.971841
-3.99,42,0.976568
-5.1,5,0.977152
-7.09,12,0.978494
-3.86,8,0.98561
-2.8,10,0.986822
-5.14,17,0.98874
-5.94,12,0.990099
-1.19,17,0.995609
4.6,50,1.00115
1.55,45,1.006717
-3.93,4,1.007234
-3.6,5,1.016067
-2.91,13,1.017592
-4.56,3,1.018032
11.75,50,1.024042
-4.1,10,1.030449
3.01,37,1.034659
-3.38,19,1.037856
9.9,50,1.043575
-3.65,5,1.053377
-3.1,5,1.054004
-2.56,8,1.054936
-5.14,12,1.056316
0.36,47,1.063888
-4.97,6,1.0646
-1.67,16,1.066419
-4.08,4,1.066893
-3.56,3,1.073216
8.6,50,1.079084
-2.64,42,1.083888
-3.75,10,1.085697
-4.08,4,1.094022
-2.6,40,1.09884
5.46,37,1.10348
-2.47,11,1.104799
-2.19,7,1.112267
-7.76,28,1.115407
11.15,50,1.121568
9.05,50,1.127215
-2.36,8,1.138338
-2.61,23,1.140954
-3.65,40,1.145402
-2.95,5,1.145982
4.4,45,1.156974
3.06,37,1.161147
-0.58,14,1.162707
-4.56,13,1.164187
9.9,50,1.178033
-3.08,4,1.178576
-4.06,3,1.178939
-3.56,3,1.1793
3.36,47,1.189366
-1.29,12,1.190821
-5.1,5,1.191411
4.5,50,1.196899
-4.44,32,1.209085
-5.06,3,1.209488
2.56,37,1.213701
-3.84,7,1.21457
-2.58,4,1.221769
-3.49,7,1.222656
-6.33,24,1.225341
-5.1,10,1.226499
-2.66,18,1.231802
-4.06,3,1.232184
-3.1,5,1.232782
-4.56,3,1.233153
4.25,50,1.241622
-2.71,18,1.243734
6.3,50,1.249226
-3.03,9,1.250238
-4.1,5,1.260333
-1.71,38,1.26464
-1.18,14,1.266292
-2.58,4,1.266772
-5.16,33,1.27571
-2.75,15,1.277438
-0.71,13,1.278945
-2.58,4,1.279421
-3.08,4,1.284467
0.38,26,1.2879
-1.53,39,1.292339
-4.43,4,1.292826
-3.56,3,1.298437
-3.08,9,1.299504
-2.58,4,1.299983
-3.12,11,1.301236
-5.31,13,1.305445
5.9,50,1.311043
-4.08,4,1.311525
-4.33,19,1.313631
-4.06,3,1.320502
8.05,50,1.326078
7.35,50,1.331564
-6.64,17,1.333512
-2.38,19,1.344715
-2.91,23,1.347324
-1.36,28,1.350505
-3.4,10,1.351953
-5.06,3,1.358374
-3.56,3,1.358772
10.05,50,1.364307
3.46,37,1.368763
-4.08,4,1.37599
-3.95,5,1.376615
-3.56,3,1.376992
-5.06,3,1.377354
-1.49,27,1.381735
-2.67,16,1.383546
-2.69,7,1.384348
10.1,50,1.39031
-0.82,41,1.402263
10.2,50,1.407919
-2.49,12,1.409273
-2.43,14,1.410855
3.81,47,1.425089
-3.56,3,1.425507
3.11,37,1.455916
-5.28,4,1.487833
-3.17,6,1.660651
-3.8,5,1.664582
-3.38,9,1.666503
-3.96,33,1.674447
-3.56,3,1.693525
4.9,50,1.732319
1.16,47,1.76096
-4.04,7,1.766879
3.05,45,1.830897
3.26,32,1.854804
-5.9,10,1.857586
-3.04,12,1.871122
-4.12,6,1.900395
-3.56,3,1.900936
-3.38,9,1.905838
-1.95,5,1.906944
8.2,50,1.932219
-1.02,16,1.940148
-3.56,3,1.940958
-4.56,3,1.941852
-2.15,45,1.974471
6.05,50,1.999821
3.9,50,2.016682
-5.06,3,2.01735
-3.06,8,2.041136
-2.57,31,2.045392
-1.03,29,2.049114
10.25,50,2.056036
0.19,38,2.077683
6.2,50,2.084377
-5.06,3,2.085819
10.2,50,2.092798
-3.3,5,2.117634
2.02,44,2.131487
2.3,45,2.139605
2.9,50,2.151081
-4.06,3,2.165581
-0.45,30,2.170695
-4.56,3,2.171145
-2.08,19,2.173466
7.4,50,2.184369
-1.71,13,2.18704
-1.56,8,2.188216
0.61,27,2.191602
-6.52,26,2.20589
-4.06,3,2.207269
-3.56,3,2.207882
1.68,41,2.220186
-3.8,5,2.228346
8.05,50,2.236368
-3.56,3,2.236879
-0.58,24,2.239882
-2.23,9,2.248953
0.27,19,2.251268
-0.64,12,2.253876
3.25,50,2.260049
-3.56,3,2.269907
-6.03,14,2.271768
-3.03,9,2.27293
-5.06,3,2.273347
0.22,49,2.283901
-4.83,19,2.288498
-2.87,26,2.291781
1.28,31,2.296584
-3.1,5,2.311606
-2.75,10,2.313112
-4.12,6,2.313985
7.6,50,2.320911
-0.48,24,2.331159
-2.91,13,2.332996
-0.98,19,2.336297
-1.25,25,2.339258
-3.43,4,2.346684
3.85,50,2.352984
-3.56,3,2.353404
-2.12,11,2.354671
-1.95,10,2.361061
-4.17,6,2.361912
10.15,50,2.368691
8.1,50,2.375384
-3.34,12,2.387058
-2.58,4,2.387584
-3.56,3,2.38796
-3.56,3,2.388334
-2.97,6,2.391145
-3.99,22,2.393707
-2.07,21,2.396161
-1.18,14,2.397819
0.79,33,2.406952
1.12,29,2.410306
2.51,27,2.413708
7.3,50,2.41988
-3.4,15,2.431995
-2.58,4,2.432512
-4.08,4,2.433
7.75,50,2.439296
-5.06,3,2.446111
-3.6,5,2.446813
-0.36,28,2.45002
-6.25,10,2.451185
-2.4,45,2.460849
-2.84,7,2.461989
7.45,50,2.467758
8.85,50,2.473998
4.0,50,2.491573
-4.84,7,2.49253
0.65,40,2.497374
0.78,36,2.502126
6.2,50,2.517837
-3.34,17,2.520531
-1.28,14,2.522277
-4.06,13,2.523793
8.0,50,2.536799
-4.49,17,2.538853
-1.32,11,2.540109
7.35,50,2.545633
7.4,50,2.560938
-0.01,38,2.565252
6.1,50,2.571263
-1.82,6,2.572017
-2.68,29,2.586126
-1.81,33,2.58998
0.7,30,2.593335
1.19,28,2.596446
-4.93,4,2.606147
-2.32,6,2.606906
-1.73,9,2.607952
-3.05,10,2.60911
-3.03,9,2.612528
2.72,39,2.616898
-2.1,15,2.61898
-2.42,16,2.620865
0.25,30,2.629913
-3.56,3,2.630311
8.2,50,2.63633
-2.86,8,2.637328
-3.84,7,2.644644
-6.28,19,2.646755
-3.99,7,2.647578
-4.67,6,2.648277
-3.56,3,2.651899
-1.65,30,2.655458
-2.4,15,2.65718
-3.1,5,2.657769
-1.39,22,2.664069
-0.8,20,2.666311
-1.45,15,2.668369
-4.63,34,2.67228
6.4,50,2.684269
-4.06,3,2.684736
-3.56,3,2.685475
-2.43,29,2.688874
-3.34,12,2.696397
5.1,50,2.702629
-3.82,11,2.704098
-3.56,3,2.704486
9.35,50,2.715671
-1.01,18,2.717743
5.45,50,2.72404
-0.93,34,2.727894
4.85,50,2.74485
-3.56,3,2.745263
0.16,17,2.747219
-3.03,9,2.748262
-3.47,6,2.755842
-3.56,3,2.756258
-3.17,6,2.756976
-3.95,10,2.758121
-2.32,6,2.761183
-3.97,6,2.761937
5.35,50,2.767574
6.6,50,2.773653
1.9,50,2.787765
1.94,43,2.792667
7.45,50,2.798154
8.05,50,2.804253
5.7,50,2.824373
-3.3,5,2.825062
8.25,50,2.830567
-5.06,3,2.830969
0.2,35,2.843475
-3.56,3,2.843889
-3.52,11,2.845142
-4.54,7,2.845985
1.03,31,2.854073
-4.06,3,2.854499
3.0,50,2.86009
1.79,28,2.863231
-3.66,13,2.873218
-0.75,40,2.877681
-2.77,11,2.878961
7.7,50,2.884474
-3.53,19,2.895366
7.3,50,2.900927
-4.06,3,2.901388
8.8,50,2.907249
-1.36,23,2.918957
-3.56,3,2.919391
-4.84,12,2.920817
-4.06,3,2.921195
0.02,34,2.928452
-5.4,20,2.930735
7.7,50,2.936726
-3.56,3,2.937199
-3.99,7,2.945542
-4.06,3,2.945916
-0.68,34,2.949671
-1.55,50,2.955857
9.15,50,2.968594
-2.58,4,2.969223
6.5,50,2.974722
-1.34,32,2.978259
-4.06,3,2.98878
-3.56,3,2.989191
-5.06,3,2.98956
9.0,50,2.995078
-3.56,3,2.99979
-4.06,3,3.000183
8.3,50,3.006363
-5.12,6,3.007102
-2.46,38,3.015771
-2.6,15,3.017459
-4.6,5,3.01818
-2.95,5,3.01904
-3.56,3,3.024083
-2.06,8,3.025038
-2.45,5,3.025629
-2.65,10,3.02676
0.07,19,3.030856
-0.66,23,3.033419
-7.32,6,3.03411
4.55,50,3.04023
-2.0,15,3.048862
0.62,24,3.051861
-1.34,12,3.05344
-1.93,9,3.054572
-1.93,14,3.060589
7.25,50,3.066086
-2.72,16,3.067909
7.45,50,3.073832
-3.56,3,3.083298
-3.01,13,3.085018
1.57,44,3.090141
-3.62,6,3.09086
-4.28,4,3.096201
-2.26,23,3.09876
-5.53,19,3.1009
0.6,35,3.105503
-3.14,12,3.112646
-1.86,8,3.113585
-4.06,3,3.113947
-3.78,4,3.114416
10.7,50,3.122773
-2.58,4,3.123355
-0.04,27,3.126383
7.75,50,3.131892
-3.86,13,3.143147
-0.46,28,3.146299
-3.56,3,3.146669
-5.75,10,3.147847
-3.6,5,3.153019
0.19,38,3.157321
-1.47,36,3.161334
-0.88,19,3.16343
-1.63,14,3.172513
-2.19,7,3.173368
-3.56,3,3.173736
-3.43,4,3.174215
2.62,34,3.18027
-3.93,14,3.181854
-3.56,3,3.182235
-2.25,15,3.183945
-3.49,7,3.189942
1.18,26,3.192873
-0.65,30,3.196193
-1.1,10,3.197322
-1.93,24,3.20575
-5.06,3,3.206158
-3.62,6,3.206853
-1.93,9,3.207878
-0.75,25,3.213846
-3.42,16,3.215769
0.6,20,3.218401
-1.18,24,3.221297
-3.56,3,3.227708
-0.47,21,3.230051
-1.9,15,3.231733
-1.35,20,3.234021
-2.45,5,3.239409
-2.64,7,3.240259
-2.32,6,3.240961
-1.02,16,3.242758
0.03,26,3.248228
7.05,50,3.254179
-2.23,9,3.255256
-3.3,5,3.255855
-3.54,7,3.263069
1.23,31,3.26651
-3.56,3,3.266877
0.88,21,3.269771
0.44,23,3.276985
-0.75,15,3.27867
-4.53,24,3.281341
10.4,50,3.28735
-0.3,15,3.296991
-3.56,3,3.297367
-3.56,3,3.29773
-1.32,6,3.298419
-3.23,9,3.301885
-3.56,3,3.302338
1.21,32,3.305921
-3.17,6,3.306623
9.3,50,3.315749
7.6,50,3.321859
0.47,29,3.325182
-0.96,18,3.327202
-0.8,25,3.341097
-3.84,7,3.341953
-0.12,26,3.344878
-2.36,13,3.346333
0.73,26,3.354956
-1.51,18,3.357039
-5.06,3,3.357415
5.05,50,3.362951
-1.34,12,3.371715
-0.44,37,3.375885
-3.67,11,3.377172
-4.56,3,3.377543
8.75,50,3.387965
-3.56,3,3.388378
-0.52,21,3.390783
-0.15,20,3.393025
10.9,50,3.405725
12.35,50,3.411345
8.15,50,3.416816
-4.06,3,3.417185
-3.56,3,3.429875
10.25,50,3.436205
-2.01,13,3.437834
9.65,50,3.443484
-0.03,24,3.455192
6.5,50,3.460818
0.61,32,3.46436
-3.56,3,3.464721
0.99,28,3.476249
4.12,39,3.480626
8.15,50,3.486677
-6.55,15,3.488449
-4.06,3,3.498164
-4.06,3,3.498566
-0.19,37,3.503126
3.6,50,3.508787
2.03,31,3.519407
8.95,50,3.525065
-2.38,14,3.526651
-0.12,21,3.529022
-1.69,17,3.53984
-1.41,28,3.543043
-1.1,10,3.544227
-4.08,4,3.544705
10.45,50,3.555089
0.21,37,3.559295
-5.06,3,3.559667
-5.8,5,3.560249
-1.83,39,3.571754
-4.73,19,3.573951
4.32,34,3.577673
8.1,50,3.583135
-3.56,3,3.594225
-1.45,15,3.596007
11.85,50,3.60201
8.9,50,3.607796
11.75,50,3.622493
-3.45,10,3.62378
1.14,33,3.627476
-0.8,10,3.62862
-2.32,6,3.637315
1.86,22,3.63983
8.45,50,3.645441
-1.32,31,3.648878
-1.45,45,3.662269
2.16,27,3.665299
-2.71,13,3.666755
10.4,50,3.67307
9.85,50,3.688713
-4.56,3,3.689133
-1.95,10,3.69034
-1.35,50,3.695856
-3.6,10,3.705625
-0.63,34,3.709445
-3.56,3,3.709815
7.1,50,3.715363
-3.12,6,3.723844
-3.69,7,3.72471
-2.15,25,3.727527
0.25,40,3.731951
-3.56,3,3.738452
-3.56,3,3.738871
-4.06,3,3.739244
-5.06,3,3.739608
-2.18,14,3.742568
-3.36,13,3.744088
-3.56,3,3.744461
-2.84,7,3.745278
7.4,50,3.7546
0.27,29,3.75796
10.85,50,3.763695
9.9,50,3.769834
10.8,50,3.789912
-3.69,12,3.791413
5.0,45,3.796464
2.04,48,3.802217
9.25,50,3.819987
-3.8,10,3.821409
-3.77,11,3.822748
-4.8,5,3.823365
7.95,50,3.834635
-4.06,8,3.836062
-4.18,29,3.839348
-3.56,3,3.839725
-4.01,18,3.848119
-3.1,5,3.848713
-2.64,22,3.851143
-1.32,16,3.853461
-2.02,21,3.860424
11.25,50,3.865907
-0.99,17,3.867812
-1.8,20,3.870573
5.76,47,3.883394
-2.43,9,3.884471
-5.06,3,3.885152
-1.82,11,3.886539
7.65,50,3.897141
0.33,21,3.899491
-4.06,3,3.899853
-2.71,8,3.900751
-1.93,14,3.908646
9.2,50,3.914173
1.13,21,3.916494
-3.56,3,3.916861
-5.06,3,3.924127
-2.76,8,3.925099
-1.37,46,3.930169
10.05,50,3.936132
11.85,50,3.94934
-4.67,6,3.950083
-2.82,6,3.95077
2.36,27,3.954193
-4.67,6,3.961378
-5.06,3,3.961762
0.41,42,3.9664
-3.58,4,3.966915
-3.01,18,3.973593
10.55,50,3.979127
-4.56,3,3.979495
6.56,42,3.984098
0.05,30,3.995986
-2.32,11,3.997273
-4.71,8,3.998191
0.17,39,4.003153
-2.24,47,4.014725
-2.4,25,4.017532
-4.69,22,4.020399
-1.78,14,4.022066
8.8,50,4.035546
-5.06,3,4.035973
-3.49,12,4.037403
-0.76,18,4.039409
10.6,50,4.050873
-2.66,18,4.053295
-2.42,11,4.054577
9.2,50,4.060105
-3.56,3,4.070047
-1.71,13,4.071574
7.8,50,4.07713
-4.04,7,4.077939
10.5,50,4.089166
-3.56,3,4.08958
10.1,50,4.095108
-5.36,8,4.096054
0.61,17,4.10631
-3.32,6,4.107053
10.85,50,4.112615
-0.97,11,4.113871
9.1,50,4.126091
2.91,27,4.129149
-1.69,12,4.130496
-1.6,35,4.134365
-3.6,10,4.144798
4.55,50,4.15035
0.48,41,4.155419
-3.95,5,4.156092
8.55,50,4.169522
-0.58,14,4.171214
-5.28,4,4.17169
-3.56,3,4.172055
-0.19,27,4.180243
-4.45,10,4.181384
1.1,30,4.18483
-4.21,13,4.186682
8.0,50,4.19807
-0.86,28,4.201714
10.6,50,4.207463
-6.49,12,4.208863
-5.1,5,4.220654
-1.5,15,4.222421
3.85,40,4.226903
9.4,50,4.232398
3.8,50,4.246408
-5.06,3,4.246806
10.9,50,4.252832
-4.93,4,4.253431
-4.43,4,4.261529
0.99,18,4.263533
-4.17,6,4.264217
-4.56,3,4.264582
9.15,50,4.273183
4.74,48,4.278582
10.9,50,4.284061
-5.01,8,4.285338
2.14,28,4.299405
-3.56,3,4.29979
2.93,46,4.305462
-0.93,9,4.306549
-4.21,8,4.313667
3.17,34,4.317417
-3.99,12,4.31929
-3.12,6,4.320062
-3.56,3,4.324887
-4.76,8,4.32582
-5.06,3,4.326183
-3.58,4,4.326655
-5.06,3,4.328529
1.14,43,4.333291
-0.01,23,4.336424
-1.21,18,4.338533
8.0,50,4.350216
-4.66,23,4.353207
-3.56,3,4.353617
11.8,50,4.359153
-4.3,5,4.369032
-3.36,8,4.370026
-7.02,21,4.372416
0.16,32,4.376018
-5.06,3,4.381247
1.77,29,4.384477
-3.56,3,4.385112
-5.06,3,4.385681
2.05,45,4.393586
-3.6,20,4.39583
9.95,50,4.401683
9.1,50,4.407337
-5.01,8,4.420348
-3.8,5,4.420978
-4.06,3,4.421344
0.53,26,4.424227
-3.43,4,4.428029
-3.62,6,4.428742
-3.67,6,4.429436
6.7,50,4.43536
-5.95,10,4.441399
-3.69,7,4.442238
10.95,50,4.447681
-0.55,30,4.45099
