#{"t_start": 1785338568.342827, "env_id": "None"}
r,l,t
-3.56,3,0.003721
-3.56,3,0.007384
-2.62,16,0.012881
-3.8,5,0.014549
-4.25,10,0.017942
-1.29,22,0.025516
-3.49,7,0.028371
-4.56,3,0.028911
9.15,50,0.045746
0.12,14,0.050557
-5.06,3,0.051846
-4.3,5,0.053486
-0.17,31,0.063772
-0.9,50,0.080237
-2.32,6,0.082088
-3.73,14,0.086633
-4.64,17,0.092456
-3.38,9,0.095526
-2.32,6,0.097298
-4.06,3,0.098576
-5.06,3,0.099088
-3.66,8,0.101922
-1.86,23,0.110948
9.15,50,0.127526
-6.07,21,0.134124
-5.06,3,0.134639
-3.56,3,0.135916
-8.31,18,0.142986
-4.08,4,0.143747
10.8,50,0.161659
-1.43,19,0.169211
-0.27,36,0.184305
-3.58,4,0.185828
10.7,50,0.203979
-4.27,16,0.209826
0.43,21,0.217022
-2.67,6,0.218776
-2.19,7,0.220714
1.97,34,0.232431
10.75,50,0.249098
3.3,50,0.265565
10.05,50,0.282257
12.15,50,0.298834
8.85,50,0.315415
-3.56,3,0.316783
-4.78,4,0.317467
-6.63,19,0.324425
-5.06,3,0.325812
-2.95,5,0.327427
-3.56,3,0.327941
-1.84,12,0.332221
-3.17,11,0.335616
-5.1,5,0.337217
-2.49,12,0.341476
-2.8,5,0.343212
-3.32,11,0.347386
-5.06,3,0.347907
-0.66,18,0.354551
1.37,34,0.366326
9.7,50,0.383197
-3.56,3,0.383826
-3.66,13,0.388312
8.15,50,0.404837
0.19,33,0.415712
-3.56,3,0.417037
-3.56,3,0.4183
-5.06,3,0.418837
-2.86,13,0.423931
-0.88,14,0.428567
10.5,50,0.44477
8.65,50,0.460985
-2.71,13,0.4647
-3.56,3,0.465964
-4.01,8,0.468005
6.65,50,0.484673
-3.46,18,0.49142
9.15,50,0.50801
10.25,50,0.525461
10.1,50,0.542318
-3.21,8,0.545252
-3.75,15,0.549942
-3.56,3,0.550462
-5.06,3,0.551725
-5.06,3,0.552244
-0.97,26,0.561947
6.18,46,0.577185
-1.17,11,0.580778
12.05,50,0.598027
-4.51,8,0.600941
-6.89,22,0.608331
-3.45,5,0.610019
-3.32,6,0.612005
-4.56,3,0.613365
-3.56,3,0.613882
-5.06,3,0.615159
-3.56,3,0.616425
8.8,50,0.633458
-4.43,9,0.635969
8.55,50,0.652801
-5.28,4,0.654391
2.45,50,0.670909
1.26,37,0.683903
-5.06,3,0.684462
6.2,50,0.701827
-3.08,4,0.703407
11.85,50,0.720022
5.7,50,0.736946
-3.56,3,0.738305
-4.06,3,0.738845
-5.88,29,0.748843
-3.83,24,0.757228
-4.58,9,0.760507
11.25,50,0.776819
12.19,18,0.782105
9.95,50,0.798914
7.95,50,0.815621
-6.12,6,0.817457
-3.56,3,0.81873
-4.6,5,0.820365
-4.6,15,0.825881
-5.12,6,0.827704
-3.56,3,0.82907
-2.61,38,0.841287
9.75,50,0.85846
-3.58,9,0.86166
-2.81,18,0.867701
-5.14,7,0.869648
0.68,21,0.876929
-4.06,3,0.878283
-4.43,4,0.879781
-3.95,5,0.881393
-3.02,21,0.88783
-5.06,3,0.889551
-6.3,5,0.891597
-3.6,5,0.893283
5.7,50,0.909584
5.4,50,0.925832
-2.64,12,0.929564
-3.18,19,0.935732
-2.56,8,0.937779
-1.79,22,0.945819
-3.56,3,0.94636
1.79,18,0.952306
9.65,50,0.96863
-0.03,19,0.975441
10.35,50,0.992026
-5.06,3,0.992643
-2.32,6,0.995193
-0.64,22,1.001753
-4.73,9,1.004714
9.65,50,1.021831
-3.84,7,1.024444
7.45,50,1.041025
10.35,50,1.057666
9.8,50,1.073996
7.7,50,1.090329
-4.23,9,1.093751
-0.84,17,1.098832
-5.06,3,1.100108
11.95,50,1.116773
9.55,50,1.133297
8.1,50,1.150346
-4.06,3,1.151708
-3.09,22,1.158935
-6.16,8,1.161799
-4.56,3,1.162322
6.6,50,1.178935
-3.62,16,1.183974
11.4,50,1.201588
11.15,50,1.217869
9.5,50,1.23419
10.85,50,1.250717
-3.56,3,1.252078
10.9,50,1.268547
10.55,50,1.285107
-4.53,14,1.290423
-6.49,32,1.300222
-2.6,15,1.304913
-4.84,7,1.308316
11.1,15,1.313175
-3.35,25,1.321039
-2.85,20,1.327995
-3.64,17,1.333077
-5.33,19,1.339431
-3.19,12,1.34334
8.35,50,1.361041
-5.57,11,1.36458
-4.08,4,1.366163
-3.11,23,1.374323
-3.56,3,1.374877
9.15,50,1.391175
-3.56,3,1.392612
-4.08,4,1.394061
-5.06,3,1.39457
-3.37,16,1.400292
-2.06,8,1.402378
-3.45,5,1.404047
-5.35,20,1.411176
-3.56,3,1.412512
10.05,50,1.428825
8.2,50,1.445182
-3.56,3,1.445798
-4.12,6,1.448412
3.85,50,1.464871
-4.94,12,1.468433
11.2,50,1.484885
-6.34,7,1.4869
-2.21,18,1.493569
-2.3,10,1.496829
-1.19,17,1.501819
-4.56,3,1.503101
-3.64,7,1.505109
-7.22,11,1.509811
-3.56,3,1.510368
-3.08,14,1.51483
-4.12,6,1.516557
-5.79,17,1.524004
-2.58,4,1.524744
9.2,50,1.541216
-2.97,11,1.545631
-6.86,8,1.547745
-0.62,21,1.554172
-3.56,3,1.555455
7.7,50,1.571988
7.3,50,1.588757
-0.87,46,1.604248
-2.25,20,1.611222
9.25,50,1.627915
-3.08,4,1.629514
-2.82,11,1.633182
8.2,50,1.649809
-3.82,31,1.660019
0.03,31,1.670354
-4.47,6,1.672109
-3.65,25,1.68069
10.75,50,1.698138
2.08,41,1.711682
12.32,19,1.717909
12.25,50,1.734523
9.1,50,1.751224
-5.37,16,1.756741
2.92,39,1.769328
11.15,50,1.78579
-0.8,30,1.7959
3.54,28,1.804196
-1.77,11,1.808946
-4.2,15,1.813771
-3.56,3,1.814302
5.45,50,1.830922
-2.79,12,1.835315
-4.54,17,1.841298
-3.56,3,1.842605
6.75,50,1.859851
11.05,50,1.876568
9.5,50,1.923554
-1.42,26,1.93331
10.95,50,1.950361
-7.81,18,1.956403
-4.92,16,1.962484
10.15,50,1.978946
0.16,17,1.98403
-3.58,4,1.985437
-3.56,3,1.985936
10.04,8,1.98929
-4.06,3,1.990754
-3.97,6,1.992559
8.95,50,2.008954
2.35,50,2.025414
-2.94,17,2.030567
-8.84,22,2.037867
10.9,50,2.055458
12.0,50,2.07211
-4.43,4,2.07329
11.8,50,2.089689
7.85,50,2.105913
9.65,50,2.122772
5.0,50,2.138991
-1.34,12,2.144077
-1.78,9,2.147131
5.65,50,2.163376
-3.43,4,2.16414
-5.1,5,2.165736
-3.21,8,2.168539
8.75,50,2.185038
-4.44,12,2.188606
-1.69,7,2.192101
8.45,50,2.208539
-4.51,8,2.210709
-5.12,11,2.214772
-1.34,12,2.218215
-7.54,22,2.226547
-5.06,3,2.227871
3.55,35,2.238964
2.72,29,2.248748
9.3,50,2.264968
8.15,50,2.281483
-3.28,24,2.289643
-3.5,25,2.297824
11.1,50,2.31414
-4.29,22,2.320836
6.0,50,2.337334
0.26,32,2.34777
-2.69,32,2.359021
-5.1,5,2.360701
9.5,50,2.377088
8.3,50,2.395173
5.35,50,2.413382
-5.06,3,2.414009
-3.56,3,2.415373
-4.06,3,2.416716
10.15,50,2.43485
-2.58,4,2.435663
-0.43,14,2.442095
-3.56,3,2.443673
3.95,35,2.456944
6.2,50,2.474672
-3.56,3,2.47529
-3.38,9,2.478318
7.1,50,2.49552
0.97,39,2.508771
-1.69,7,2.510789
0.89,23,2.518357
-4.73,9,2.521478
-2.06,13,2.525871
9.2,50,2.542213
-2.63,29,2.551584
8.3,50,2.569287
1.65,40,2.582864
10.43,11,2.586252
-8.13,29,2.596754
7.75,50,2.613432
-3.33,49,2.630119
6.75,50,2.647184
-2.62,31,2.657516
-1.68,34,2.668521
7.95,50,2.685239
-3.56,33,2.696733
0.08,21,2.703204
-4.6,5,2.70482
3.27,39,2.718263
-3.56,3,2.718823
-3.56,3,2.72013
-0.09,22,2.727754
-3.56,3,2.729083
8.7,50,2.746771
-0.09,12,2.750325
-4.1,10,2.753513
9.4,50,2.770034
0.95,50,2.786637
6.85,50,2.8031
-3.58,4,2.804624
-3.56,3,2.806388
-1.53,44,2.820192
1.93,26,2.829795
-4.06,3,2.830364
-3.56,3,2.831661
-1.92,11,2.834978
-3.49,7,2.836936
-1.04,47,2.853094
-3.78,4,2.854593
9.35,50,2.870824
-3.56,3,2.871433
-5.06,3,2.873267
-3.56,3,2.87381
-3.9,10,2.87709
9.9,50,2.89364
-1.71,8,2.896577
-3.1,20,2.903921
9.25,50,2.921127
-4.06,3,2.923633
-5.06,3,2.924256
-4.43,4,2.926097
-1.49,27,2.934529
-2.62,21,2.942483
-3.56,3,2.943048
4.7,45,2.957778
-3.56,3,2.959116
-2.82,6,2.960878
-1.16,43,2.975394
-6.55,10,2.978679
-5.1,5,2.980444
5.7,50,2.996942
-2.69,7,2.998999
-3.56,3,3.000285
-3.56,3,3.000807
-2.75,50,3.017135
-1.49,12,3.021464
-3.98,14,3.025974
7.45,50,3.042506
-3.6,5,3.04422
-4.21,28,3.053255
-6.86,13,3.058351
10.85,50,3.076394
9.95,10,3.079663
9.5,50,3.096081
9.15,50,3.112731
-3.56,3,3.11337
-7.24,17,3.119178
9.65,50,3.135554
-4.38,9,3.138007
5.85,50,3.154386
-1.52,36,3.166947
12.45,50,3.183237
-0.9,20,3.190281
-3.56,3,3.190872
-4.06,3,3.192209
-4.06,3,3.192727
-4.68,9,3.195733
-0.73,49,3.212382
-2.93,4,3.213865
-4.06,3,3.214377
-3.56,3,3.215653
-2.3,10,3.218792
-5.93,39,3.232139
1.03,41,3.246525
-3.56,3,3.247832
7.95,50,3.264445
-1.95,35,3.276099
-4.9,10,3.279321
-3.56,3,3.279864
-5.06,3,3.281147
-1.69,12,3.28462
10.3,50,3.300947
0.64,33,3.312495
-0.29,22,3.319066
-0.21,23,3.32709
-8.29,12,3.330586
-2.58,4,3.332
-2.73,9,3.334951
-1.1,20,3.341998
-3.84,7,3.343978
7.7,50,3.360086
-4.43,4,3.361597
-1.19,7,3.363499
4.55,50,3.379595
5.59,43,3.394513
-2.95,10,3.397751
-3.56,3,3.399949
-2.17,11,3.403467
-4.09,22,3.410808
11.0,50,3.427251
-3.56,3,3.428647
-4.06,3,3.429163
-1.18,19,3.43535
10.45,50,3.451511
0.85,50,3.46794
-4.32,6,3.469788
9.0,50,3.486082
2.25,50,3.502391
-3.56,3,3.503805
-2.16,48,3.519617
-2.7,15,3.525165
8.4,50,3.541682
-2.75,10,3.544992
0.85,20,3.551321
-1.66,23,3.558829
-1.49,7,3.561526
8.0,50,3.578952
-5.06,3,3.579603
5.9,50,3.596439
-0.57,36,3.60895
-2.05,15,3.613808
-5.06,3,3.6151
7.75,50,3.631808
0.12,34,3.644024
-5.06,3,3.644614
-3.43,9,3.647624
-4.06,3,3.648893
5.25,50,3.665447
7.6,50,3.682207
9.85,50,3.6987
-1.25,10,3.701922
8.85,50,3.718216
4.85,50,3.735685
5.5,50,3.752477
-4.6,5,3.75418
-3.56,3,3.754694
3.29,33,3.766053
-2.11,13,3.770454
-2.92,26,3.779207
6.1,50,3.795328
-0.89,12,3.79888
6.65,50,3.815512
-3.56,3,3.816882
-3.56,3,3.81739
-0.33,34,3.829088
-3.56,3,3.830413
-3.1,5,3.831999
5.15,35,3.843567
11.7,50,3.859856
10.05,50,3.876091
4.61,27,3.884263
4.55,50,3.901426
-5.06,3,3.902871
-4.49,7,3.90487
4.95,50,3.921059
-0.96,23,3.929433
5.0,50,3.945901
11.5,50,3.963372
0.09,13,3.967468
3.06,32,3.979026
-3.92,16,3.984457
7.95,50,4.000682
10.43,11,4.004127
5.05,40,4.017494
9.65,50,4.034423
-4.06,3,4.03644
-4.92,11,4.040805
-0.79,17,4.046949
1.91,47,4.064217
7.25,50,4.081846
-1.76,33,4.092528
8.0,50,4.108721
5.8,50,4.125602
10.3,50,4.142167
12.95,50,4.158712
7.95,50,4.174988
-4.7,20,4.181557
-0.15,50,4.197862
1.67,49,4.213934
6.65,50,4.230489
-2.99,7,4.233313
-4.19,22,4.241894
-3.56,3,4.243267
6.45,50,4.259702
4.0,50,4.275978
4.85,45,4.290823
-1.2,10,4.294041
-3.56,3,4.294564
-1.87,31,4.304297
7.8,50,4.320654
8.65,50,4.336997
5.95,50,4.353632
-3.19,12,4.358597
2.86,37,4.370049
1.83,46,4.385145
-4.56,3,4.386501
-4.06,3,4.387783
-4.06,3,4.388302
9.5,50,4.405525
9.6,50,4.422063
8.2,50,4.438597
-4.28,4,4.440851
12.95,50,4.457307
-3.82,6,4.459298
-3.56,3,4.460622
-3.93,14,4.465257
9.35,50,4.48193
-3.6,5,4.483657
-1.79,12,4.487212
2.31,47,4.502191
10.45,50,4.51859
6.8,50,4.535094
11.75,50,4.551656
10.2,50,4.579739
-3.56,3,4.582283
9.7,50,4.600664
-3.36,18,4.607717
5.85,50,4.624921
10.65,50,4.64182
8.0,50,4.658347
-1.26,33,4.668305
8.4,50,4.684895
-3.56,3,4.68631
-2.48,14,4.691653
9.3,50,4.708098
-3.6,5,4.709855
9.05,50,4.726581
5.85,50,4.744066
-4.06,3,4.744732
-1.93,9,4.747982
2.55,50,4.766657
7.5,50,4.7839
4.55,50,4.800642
10.05,50,4.817567
-1.27,21,4.824763
9.85,50,4.84145
-3.56,3,4.84285
-1.25,15,4.847578
7.8,50,4.863745
-2.82,6,4.865583
-3.78,4,4.867007
8.8,50,4.883354
7.65,50,4.900184
9.5,50,4.916749
5.25,50,4.934377
-3.56,3,4.934922
9.9,50,4.951078
-3.1,5,4.952754
5.25,50,4.969092
-4.06,3,4.970445
7.0,50,4.986579
10.8,50,5.003052
0.16,27,5.012195
0.4,20,5.018649
-5.06,3,5.019936
-3.56,3,5.021196
4.24,33,5.031793
-0.58,44,5.046301
8.4,50,5.062618
4.95,50,5.078888
7.2,50,5.096176
8.9,50,5.112532
8.1,50,5.129108
8.15,50,5.145573
5.75,50,5.162176
9.9,50,5.179033
0.73,36,5.19309
-3.56,3,5.194593
6.15,50,5.212755
12.35,50,5.230724
6.05,50,5.24745
-2.86,8,5.249622
10.25,50,5.267036
13.38,26,5.276768
-4.06,3,5.277339
10.8,50,5.293762
11.35,50,5.310035
8.85,50,5.32663
-3.56,3,5.328005
-3.56,3,5.328519
9.1,50,5.34488
3.45,50,5.361257
7.3,50,5.377552
-1.3,10,5.380819
-6.38,9,5.383855
-4.06,3,5.385142
9.9,50,5.401519
6.35,50,5.417978
7.4,50,5.435776
9.4,50,5.452131
8.4,50,5.468492
-3.56,3,5.46909
1.55,25,5.477594
-2.47,11,5.481808
-4.06,3,5.482347
11.1,50,5.498807
11.1,50,5.515064
6.8,50,5.531377
7.35,50,5.547727
9.75,50,5.56412
1.5,20,5.570457
3.71,47,5.586527
10.85,50,5.60468
4.07,44,5.618671
8.35,50,5.635331
5.69,48,5.65198
8.6,50,5.668332
-3.56,3,5.66976
7.5,50,5.686663
-4.1,5,5.688396
-3.56,3,5.689114
10.5,50,5.705367
9.75,50,5.722935
11.45,50,5.740851
8.05,50,5.758475
1.48,31,5.769528
9.9,50,5.787977
-1.52,11,5.793402
8.35,50,5.811258
7.6,50,5.830272
12.58,21,5.838088
8.6,50,5.857474
11.15,50,5.876459
-4.06,3,5.877113
9.65,50,5.895046
-1.67,11,5.8997
8.05,50,5.919031
12.8,50,5.937149
9.45,50,5.955893
3.76,32,5.966954
0.77,19,5.97422
10.65,50,5.990932
-3.43,4,5.992524
10.4,50,6.009452
8.95,50,6.025775
0.49,33,6.035681
7.75,50,6.052237
9.85,50,6.06876
-3.56,3,6.070162
12.2,50,6.086463
1.17,39,6.099764
10.7,50,6.118612
2.24,38,6.131278
-0.9,10,6.134512
-4.06,3,6.135808
11.25,50,6.152207
12.1,20,6.1591
-3.56,3,6.159646
-2.97,11,6.163751
7.35,50,6.179981
6.25,50,6.19689
9.55,50,6.217208
12.05,50,6.234335
-1.04,12,6.23792
8.8,50,6.254485
10.65,50,6.271339
8.0,50,6.287587
9.05,50,6.304914
-1.29,17,6.310673
-3.69,12,6.31491
-3.56,3,6.315419
-0.29,27,6.325093
11.05,50,6.341526
8.6,50,6.357884
0.53,21,6.364585
-0.41,13,6.368952
-3.56,3,6.369474
1.37,19,6.376165
8.75,50,6.392338
11.05,50,6.408961
11.85,50,6.425405
-3.56,3,6.426787
9.8,50,6.443251
8.85,50,6.460527
-2.93,9,6.462961
-3.36,8,6.46587
-4.06,3,6.467148
7.9,50,6.48339
9.7,50,6.50083
9.15,50,6.517829
1.47,19,6.524
-3.08,4,6.525646
10.25,50,6.5423
8.75,50,6.558706
10.75,50,6.575886
-4.56,3,6.577394
9.85,50,6.595106
9.0,50,6.612444
9.5,50,6.630361
8.45,50,6.647793
4.75,50,6.664422
3.35,50,6.681193
8.45,50,6.697738
10.15,50,6.715986
6.3,50,6.732494
8.2,50,6.74893
-0.53,24,6.757295
7.3,50,6.774046
-3.56,3,6.774668
-3.56,3,6.775953
0.81,32,6.785859
2.85,25,6.794242
