#{"t_start": 1785056314.616981, "env_id": "None"}
r,l,t
-4.93,4,0.003535
7.7,50,0.006154
-5.1,5,0.00644
-2.6,5,0.00673
0.66,27,0.008153
10.15,50,0.018233
-1.3,10,0.019946
1.72,24,0.024643
1.25,30,0.031569
-3.84,7,0.032573
-1.17,11,0.034804
-4.08,4,0.035584
-3.56,3,0.036325
-5.06,3,0.037038
5.05,50,0.047298
-3.43,9,0.048969
-5.1,5,0.050358
-1.11,48,0.059627
1.14,28,0.066098
-4.97,6,0.067138
-1.82,11,0.06951
-1.06,13,0.071886
-3.56,3,0.072611
-2.82,6,0.073555
-5.06,3,0.074325
-4.67,6,0.075763
7.3,50,0.086226
-2.04,27,0.091676
-7.4,10,0.093421
-6.12,6,0.095707
-0.16,33,0.101974
-3.46,18,0.105752
-2.22,16,0.109007
-0.27,26,0.114423
-4.51,8,0.116073
1.39,48,0.125379
0.1,25,0.13105
-4.06,3,0.131868
-3.56,3,0.132707
-1.78,14,0.135183
8.1,50,0.146076
-3.56,3,0.146895
-2.6,10,0.148696
-3.09,22,0.15338
-2.43,9,0.155033
11.1,50,0.165598
-4.45,15,0.168627
-0.83,34,0.175391
-3.56,3,0.175685
-1.06,18,0.18032
-0.15,20,0.184365
-2.75,10,0.186016
-3.53,14,0.189117
9.85,50,0.199984
2.06,42,0.208554
-3.56,3,0.209428
5.63,36,0.217897
1.67,34,0.224434
-2.04,7,0.226224
-4.43,4,0.227587
2.35,50,0.238306
-3.56,3,0.239072
8.5,50,0.251076
9.65,50,0.261077
0.22,24,0.266945
0.38,16,0.27044
-3.56,3,0.271177
10.6,50,0.281936
2.65,50,0.292868
-1.4,35,0.300785
-4.03,9,0.302719
-2.74,37,0.310118
10.35,50,0.321791
-3.01,8,0.324008
1.27,34,0.331821
-1.21,13,0.33432
-4.06,3,0.335175
-2.34,7,0.336923
1.77,34,0.343646
9.9,50,0.355656
-6.33,19,0.36016
11.25,50,0.371917
3.5,50,0.383614
11.7,50,0.393749
11.88,21,0.398809
6.21,42,0.407709
-4.56,3,0.408496
0.6,30,0.415447
-5.06,3,0.416272
-2.82,6,0.417239
-4.41,38,0.425548
3.57,29,0.432163
9.3,50,0.443349
-1.58,24,0.44902
-3.56,3,0.44924
-4.17,6,0.450803
-4.84,7,0.452414
-1.4,45,0.462659
-4.68,39,0.470915
-2.45,5,0.471876
7.45,50,0.482766
-3.49,12,0.485198
0.43,21,0.489897
-0.64,12,0.492306
-1.22,36,0.50173
2.65,50,0.513206
-2.38,14,0.516606
12.85,50,0.526962
10.6,50,0.538604
12.71,22,0.54301
-1.93,9,0.545642
11.0,50,0.55645
-2.58,4,0.557343
1.95,50,0.569122
0.1,50,0.581615
-2.45,5,0.582715
0.64,28,0.588814
0.16,17,0.592199
8.1,50,0.60429
-3.56,3,0.605123
6.35,50,0.648061
4.14,33,0.657375
-1.9,15,0.664091
1.96,22,0.670383
10.85,50,0.684009
-2.06,48,0.697266
10.2,50,0.710949
8.9,50,0.722382
11.45,50,0.735154
-0.58,29,0.741562
-4.06,3,0.742435
-1.61,38,0.751813
4.6,50,0.76404
-1.06,8,0.76579
10.15,50,0.776511
-2.99,7,0.778801
9.65,50,0.790035
4.12,39,0.799827
-3.01,8,0.801687
10.45,50,0.813521
5.85,50,0.824549
-3.47,6,0.826121
2.68,31,0.833444
-3.56,3,0.834426
10.95,50,0.846704
1.48,21,0.851352
-2.51,8,0.853124
-5.47,11,0.855822
-1.04,12,0.858326
-1.58,29,0.865614
8.7,50,0.876688
2.81,42,0.88755
-4.1,5,0.888638
-2.65,35,0.89736
3.85,50,0.908338
-2.21,8,0.910293
8.4,50,0.922653
-3.56,3,0.923564
2.57,39,0.932915
-1.45,15,0.936471
8.05,50,0.94902
0.95,25,0.954601
-4.06,3,0.955385
1.95,30,0.962903
7.25,50,0.974782
-6.12,6,0.975812
12.05,50,0.98964
-3.64,7,0.991078
-2.49,7,0.993126
4.42,44,1.004247
3.46,32,1.01236
11.02,9,1.014563
13.45,50,1.026776
11.4,50,1.03907
8.65,50,1.052427
-1.06,8,1.054343
2.55,35,1.063529
-5.62,6,1.064614
6.35,50,1.076941
2.33,31,1.084781
6.4,50,1.097855
7.4,50,1.109368
-3.56,3,1.110242
9.45,50,1.123048
0.85,15,1.126531
11.78,11,1.130043
6.4,50,1.142241
11.95,50,1.154974
-3.19,7,1.15685
6.85,50,1.169511
11.9,50,1.182568
10.5,50,1.196396
8.55,50,1.212078
11.05,50,1.224594
11.02,9,1.228132
6.38,46,1.241491
7.3,50,1.255221
4.33,46,1.267236
8.65,50,1.281086
0.01,22,1.286428
10.4,50,1.299194
12.19,18,1.303431
7.75,50,1.31655
10.8,50,1.329539
2.21,27,1.336592
9.75,50,1.348817
10.95,50,1.362234
7.8,50,1.374127
-2.18,24,1.381658
3.18,36,1.390576
5.52,49,1.403837
8.35,50,1.416706
-5.29,17,1.420749
9.55,50,1.434057
11.93,16,1.438161
11.45,15,1.442129
4.16,47,1.454202
10.85,50,1.467586
-0.47,11,1.470556
6.7,50,1.486359
11.5,50,1.50051
7.9,50,1.513443
0.84,23,1.519492
10.25,50,1.532325
7.6,50,1.545757
8.25,50,1.558147
10.8,50,1.571903
-3.56,3,1.572838
-4.06,3,1.573266
8.3,50,1.587304
12.3,50,1.599916
-3.56,3,1.600892
8.75,50,1.614267
-1.67,11,1.616719
-3.56,3,1.61765
9.9,50,1.630961
-1.95,5,1.632192
11.05,50,1.644676
9.1,50,1.657596
10.05,50,1.670294
7.4,50,1.683747
8.65,50,1.696586
-3.58,4,1.697635
7.75,50,1.710145
11.2,50,1.723142
12.15,50,1.736666
6.9,50,1.749704
11.0,50,1.762999
10.1,50,1.775283
-3.56,3,1.776254
10.9,50,1.789598
7.8,50,1.80242
8.9,50,1.815901
11.95,50,1.828607
10.65,50,1.84131
8.45,50,1.85418
8.75,50,1.867821
11.55,50,1.880538
10.2,50,1.894279
8.9,50,1.906338
9.45,50,1.919962
-1.34,12,1.92301
9.95,50,1.936506
11.0,50,1.950788
8.5,50,1.963649
4.14,33,1.971955
11.75,50,1.985215
9.55,50,1.99816
7.1,50,2.011283
7.25,50,2.023635
8.25,50,2.037105
9.7,50,2.050098
10.95,50,2.06361
-3.56,3,2.064588
9.0,50,2.076734
8.45,50,2.09093
8.05,50,2.105942
11.1,50,2.120923
9.05,50,2.1344
-3.56,3,2.135296
11.5,50,2.147911
10.04,8,2.149956
11.02,9,2.152646
11.0,50,2.165394
10.05,50,2.178842
10.3,50,2.191044
-3.56,3,2.191976
10.05,50,2.204826
9.1,50,2.218346
10.8,50,2.231366
10.04,8,2.233505
-2.76,13,2.237606
9.15,50,2.251539
10.15,50,2.265234
8.7,50,2.278316
8.1,50,2.291681
8.5,50,2.30463
10.85,50,2.31804
8.25,50,2.33133
10.54,8,2.33344
9.5,50,2.34711
12.32,19,2.35157
-3.56,3,2.352501
8.55,50,2.365911
1.18,16,2.369975
8.05,50,2.382885
9.9,50,2.396416
11.25,50,2.408703
4.0,50,2.422187
9.8,50,2.434743
8.9,50,2.448126
9.05,50,2.460657
8.05,50,2.473545
9.85,50,2.486744
8.1,50,2.500493
8.95,50,2.513639
9.45,50,2.526246
8.8,50,2.539097
9.3,50,2.552529
9.1,50,2.565355
7.2,50,2.579613
11.65,10,2.581985
11.6,50,2.595424
5.17,44,2.606448
9.7,50,2.619311
9.1,50,2.632696
9.7,50,2.645333
7.3,50,2.658158
7.8,50,2.671047
9.5,50,2.684457
2.9,45,2.695985
6.25,50,2.708047
-3.67,6,2.709872
8.0,50,2.722751
9.2,50,2.73603
9.4,50,2.749004
6.55,50,2.762526
11.67,14,2.765837
5.75,50,2.779238
9.65,50,2.791119
8.95,50,2.804558
10.9,50,2.817509
9.05,50,2.830926
9.7,50,2.842989
8.9,50,2.856489
10.05,50,2.869425
11.5,50,2.882937
13.21,22,2.888074
6.3,50,2.901711
5.6,50,2.914627
10.95,50,2.927682
8.0,50,2.940194
8.75,50,2.953714
1.86,27,2.96149
4.35,50,2.973637
10.15,50,2.98808
9.2,50,3.002584
10.8,50,3.016691
9.4,50,3.029856
7.2,50,3.04287
2.45,30,3.050953
5.8,50,3.064507
6.95,50,3.076681
11.15,10,3.080289
6.95,50,3.092514
8.25,50,3.106109
9.8,50,3.11928
4.85,50,3.132841
10.04,8,3.134983
-5.06,3,3.135358
5.7,50,3.148617
9.35,50,3.161349
-1.31,18,3.166462
-1.54,27,3.173199
-4.54,7,3.174562
1.6,20,3.180362
11.0,50,3.193098
-1.06,8,3.195911
-3.56,3,3.196915
9.1,50,3.209069
0.31,22,3.215801
-4.6,5,3.216933
4.8,50,3.229701
12.25,50,3.242863
10.04,8,3.245628
-2.36,13,3.248788
-3.82,6,3.25114
0.15,20,3.256269
12.15,50,3.269743
-1.32,6,3.271631
9.4,50,3.284693
-1.58,24,3.291112
7.85,50,3.304708
3.8,50,3.317862
8.0,50,3.33175
8.5,50,3.344518
10.95,50,3.357401
8.15,50,3.370414
10.15,50,3.383997
8.75,50,3.396839
9.25,50,3.409829
11.8,50,3.422357
9.1,50,3.435881
10.5,50,3.448855
9.4,50,3.46191
10.89,8,3.464025
10.6,50,3.476225
7.1,50,3.489622
5.75,50,3.502751
10.45,50,3.516248
0.4,20,3.521289
7.75,50,3.53404
6.45,50,3.547649
4.1,50,3.55987
6.7,50,3.573743
4.02,34,3.58336
8.25,50,3.596779
7.65,50,3.609006
12.25,50,3.622349
8.2,50,3.635291
-4.06,3,3.636268
7.75,50,3.649208
8.7,50,3.662747
7.9,50,3.675124
1.73,46,3.687937
1.46,22,3.693181
9.75,50,3.706529
0.1,20,3.712163
12.8,50,3.724286
8.95,50,3.738046
10.35,50,3.75103
6.85,50,3.76441
11.65,50,3.776879
7.95,50,3.790594
11.6,50,3.806361
6.55,50,3.820998
7.95,50,3.833729
0.7,20,3.838646
10.5,50,3.852138
-3.8,5,3.8533
10.7,50,3.866619
9.65,50,3.879484
7.1,50,3.892289
6.65,50,3.905164
7.8,50,3.918763
2.51,37,3.92863
9.85,50,3.940783
-5.06,3,3.941717
4.6,50,3.955359
8.2,50,3.968431
9.2,50,3.981965
10.05,50,3.994252
10.69,13,3.997827
10.65,50,4.010518
8.5,50,4.02338
6.3,50,4.036961
8.0,50,4.05118
-4.06,3,4.052192
9.3,50,4.065873
8.9,50,4.078876
-3.56,3,4.079899
11.15,10,4.082221
13.35,50,4.095668
9.0,50,4.107937
10.35,50,4.121407
7.75,50,4.134992
11.25,50,4.149303
9.85,50,4.162112
7.25,50,4.174963
10.4,50,4.188025
10.3,50,4.201639
11.95,50,4.214504
10.4,50,4.227732
12.55,50,4.240449
-2.42,16,4.245067
11.45,50,4.258788
6.8,50,4.271932
8.45,50,4.285544
11.8,50,4.298898
8.5,50,4.312454
9.85,50,4.32478
4.95,50,4.338665
10.4,50,4.351913
10.75,50,4.365451
8.85,50,4.378276
9.65,50,4.391273
7.8,50,4.404272
-4.06,3,4.405159
10.0,50,4.418554
4.46,42,4.42943
12.55,50,4.442206
10.55,50,4.45574
9.35,50,4.469299
10.8,50,4.482284
8.0,50,4.495637
10.5,50,4.507954
7.4,50,4.521485
9.5,50,4.534503
2.33,16,4.538531
9.6,50,4.552206
9.05,50,4.565298
-0.81,23,4.571439
10.1,50,4.585387
9.25,50,4.599308
11.6,50,4.612466
9.6,50,4.625349
8.95,50,4.638214
7.2,50,4.651618
7.35,50,4.664526
7.3,50,4.677618
6.09,48,4.689934
7.75,50,4.702804
10.1,50,4.716239
11.15,50,4.729114
11.02,9,4.731953
8.1,50,4.744404
-4.47,6,4.746559
12.15,50,4.758752
12.1,50,4.771867
6.45,50,4.784903
9.8,50,4.798197
8.2,50,4.810617
5.68,46,4.822834
8.95,50,4.835716
-1.95,10,4.838526
10.1,50,4.851428
4.2,40,4.862006
11.55,50,4.874821
-5.06,3,4.875288
-0.12,26,4.882849
8.4,50,4.895743
11.15,50,4.908673
9.5,50,4.921746
11.55,50,4.935163
10.75,50,4.948011
-5.06,3,4.948947
10.95,50,4.962552
0.28,21,4.967762
-3.78,4,4.968737
9.35,50,4.981463
11.0,50,4.99607
2.65,30,5.003729
-3.56,3,5.004569
8.35,50,5.01846
-3.32,6,5.019822
-3.56,3,5.020761
11.15,50,5.033767
10.95,50,5.047223
11.15,50,5.059599
8.2,50,5.073147
9.45,50,5.086289
9.0,50,5.099735
1.1,25,5.105764
9.65,50,5.119415
-0.54,12,5.122445
8.75,50,5.136006
