run_id,algo,seed,total_timesteps,training_time_seconds,n_episodes,final_mean_reward,best_mean_reward,model_path,hp_learning_rate,hp_gamma,hp_n_steps,hp_gae_lambda,hp_ent_coef,hp_vf_coef,hp_net_arch
a2c_00,A2C,2000,20000,6.92,811,2.412,4.4255,models/pg/a2c/a2c_00/model.zip,0.0007,0.99,5,1.0,0.0,0.5,"[64, 64]"
a2c_01,A2C,2001,20000,6.76,887,-0.9055,3.3995,models/pg/a2c/a2c_01/model.zip,0.0001,0.99,5,1.0,0.0,0.5,"[64, 64]"
a2c_02,A2C,2002,20000,6.78,843,1.6985,4.545,models/pg/a2c/a2c_02/model.zip,0.002,0.99,5,1.0,0.0,0.5,"[64, 64]"
a2c_03,A2C,2003,20000,7.1,708,3.569,5.691,models/pg/a2c/a2c_03/model.zip,0.0007,0.95,5,1.0,0.0,0.5,"[64, 64]"
a2c_04,A2C,2004,20000,7.07,765,5.2055,7.5335,models/pg/a2c/a2c_04/model.zip,0.0007,0.9,5,1.0,0.0,0.5,"[64, 64]"
a2c_05,A2C,2005,20000,4.51,759,3.246,5.3365,models/pg/a2c/a2c_05/model.zip,0.0007,0.99,20,1.0,0.0,0.5,"[64, 64]"
a2c_06,A2C,2006,20000,6.92,771,1.848,4.7145,models/pg/a2c/a2c_06/model.zip,0.0007,0.99,5,0.9,0.0,0.5,"[64, 64]"
a2c_07,A2C,2007,20000,7.76,743,5.325,6.8395,models/pg/a2c/a2c_07/model.zip,0.0007,0.99,5,1.0,0.01,0.5,"[64, 64]"
a2c_08,A2C,2008,20000,6.69,733,3.3835,4.439,models/pg/a2c/a2c_08/model.zip,0.0007,0.99,5,1.0,0.0,0.25,"[64, 64]"
a2c_09,A2C,2009,20000,7.29,560,0.899,5.621,models/pg/a2c/a2c_09/model.zip,0.0007,0.99,5,1.0,0.0,0.5,"[128, 128]"
a2c_10,A2C,2010,20000,6.44,700,3.6125,5.2525,models/pg/a2c/a2c_10/model.zip,0.0007,0.99,5,1.0,0.0,0.5,"[32, 32]"
a2c_11,A2C,2011,20000,5.3,717,3.7675,4.368,models/pg/a2c/a2c_11/model.zip,0.001,0.995,10,0.95,0.02,0.5,"[128, 64]"
