#{"t_start": 1785338562.8887491, "env_id": "None"}
r,l,t
0.5,20,0.032518
7.6,50,0.041229
-4.78,4,0.042313
-5.06,3,0.042834
-3.32,6,0.044507
-0.69,22,0.048299
-2.89,22,0.051941
0.84,23,0.055652
2.29,33,0.061591
-5.06,3,0.062172
-3.14,12,0.064169
-3.1,10,0.065817
-2.55,25,0.069836
1.05,45,0.077847
-5.06,18,0.080771
-5.01,8,0.082073
-3.56,3,0.082587
-1.28,19,0.085618
-3.99,7,0.086755
-2.01,18,0.089618
-1.06,23,0.093336
-2.93,9,0.095184
-3.58,4,0.095899
-4.86,8,0.097209
-3.01,33,0.10243
-1.93,14,0.104665
8.3,50,0.113044
-3.56,3,0.113693
-1.86,8,0.114986
-4.06,3,0.115506
3.31,42,0.176767
-2.06,18,0.180023
8.9,50,0.188043
-3.04,12,0.190076
-1.24,47,0.198201
-4.2,15,0.200669
3.85,50,0.20857
-0.1,35,0.214729
-3.27,21,0.218103
4.77,44,0.225051
-3.06,13,0.227597
-2.58,4,0.228328
-2.36,8,0.229635
7.35,50,0.237483
-2.08,14,0.239785
-2.08,4,0.240463
-4.56,3,0.24098
-5.06,3,0.241483
-4.16,13,0.243818
-3.99,7,0.245062
0.38,31,0.250032
-3.56,3,0.250548
2.12,24,0.254382
-5.13,44,0.304423
-4.35,15,0.306906
7.1,50,0.315084
-3.59,22,0.318722
-5.06,3,0.319233
-3.82,6,0.32022
-2.43,9,0.321675
1.52,34,0.327757
4.3,50,0.335779
0.4,30,0.340606
-2.58,14,0.342834
-4.68,9,0.344694
7.65,50,0.352594
-5.06,3,0.353174
-3.08,49,0.361373
4.9,50,0.36928
-2.99,7,0.370498
-2.58,4,0.371159
-2.49,17,0.373847
-1.44,47,0.381632
-4.06,3,0.382177
-5.06,3,0.382683
3.93,46,0.432604
1.29,33,0.437906
-3.56,3,0.438426
-4.32,6,0.439418
8.15,50,0.447812
-0.94,27,0.452222
-4.56,3,0.452732
-4.12,6,0.45371
-0.96,23,0.457338
-2.82,6,0.458314
-4.24,32,0.46392
9.0,50,0.471905
-1.25,40,0.478885
0.95,40,0.485227
-5.1,5,0.486039
-2.9,15,0.488407
-6.12,6,0.489386
-5.06,3,0.489884
-3.19,7,0.491029
-2.17,16,0.493987
-3.56,3,0.494583
-0.0,45,0.501745
-5.8,5,0.502568
-0.56,38,0.508573
-3.56,3,0.50908
-0.99,17,0.554994
2.19,33,0.561081
-4.47,6,0.562171
6.15,50,0.570171
-6.94,17,0.572969
8.15,50,0.581282
-3.45,5,0.582229
-2.33,34,0.587614
-2.17,11,0.589372
-3.53,29,0.594406
-4.78,4,0.595117
-5.06,3,0.595625
8.55,50,0.603429
-4.56,3,0.604014
3.75,50,0.612515
-1.75,10,0.614282
7.45,50,0.622197
1.36,27,0.626623
-2.77,26,0.631194
-3.56,3,0.631746
10.55,50,0.682414
-2.45,5,0.68338
-3.56,3,0.683904
0.65,25,0.687898
-4.01,8,0.689205
-5.99,32,0.695108
-3.1,5,0.695994
-2.44,27,0.700287
-1.68,14,0.702524
-2.06,8,0.703822
2.6,50,0.712128
6.5,50,0.720229
-3.56,3,0.720805
-4.08,4,0.721483
-2.47,6,0.722476
-3.56,3,0.722988
-3.03,9,0.724462
-7.24,32,0.730054
-1.89,32,0.735185
5.4,50,0.743182
2.12,24,0.747658
-2.1,30,0.752756
-4.12,6,0.753853
-3.3,5,0.754729
-3.56,3,0.755256
-0.78,34,0.761228
4.95,50,0.811805
-2.95,5,0.812779
3.44,38,0.818913
-3.19,27,0.823243
-5.06,3,0.823756
8.35,50,0.832299
-5.03,19,0.835523
0.8,35,0.841122
-3.33,24,0.845513
8.5,50,0.853513
-2.25,15,0.855992
8.3,50,0.864442
-2.17,16,0.867142
-5.23,19,0.870228
3.03,46,0.877999
0.66,37,0.883939
9.55,50,0.891919
3.0,40,0.941117
-4.81,13,0.943474
1.41,27,0.948085
-1.24,32,0.953243
7.4,50,0.961636
-2.44,22,0.965338
10.1,50,0.973311
9.5,50,0.981645
8.7,50,0.989673
-1.18,14,0.992003
-3.86,8,0.993643
8.05,50,1.001699
-3.56,3,1.002286
-1.86,13,1.004385
-4.06,3,1.004899
-7.1,10,1.006521
-3.56,3,1.007035
0.48,36,1.013073
-3.56,3,1.013614
-5.1,5,1.014445
-1.58,24,1.018384
-6.02,6,1.019387
-1.5,30,1.070897
-0.12,26,1.07545
-3.56,3,1.076053
4.91,42,1.084
-3.41,18,1.087121
3.45,40,1.094479
-3.4,10,1.096329
-2.06,8,1.097743
-1.68,14,1.100093
8.4,50,1.108495
-0.84,17,1.11219
-4.41,23,1.116123
-5.15,5,1.117019
-5.01,8,1.118413
-0.57,16,1.121163
-4.43,4,1.121872
-7.57,16,1.124916
-2.45,5,1.125856
-2.58,4,1.127031
-4.12,6,1.128427
5.8,50,1.13681
-0.29,22,1.140614
-1.43,9,1.142277
8.35,50,1.151516
-1.16,43,1.158896
1.09,28,1.210687
-0.54,22,1.214704
-0.35,20,1.218263
9.55,50,1.23009
-4.06,3,1.231116
-3.25,10,1.233469
2.52,34,1.240554
11.1,50,1.252213
-1.64,12,1.254933
-3.1,5,1.255926
-1.55,15,1.258836
9.7,50,1.271738
-1.07,16,1.280841
3.65,50,1.306294
3.14,48,1.355204
7.9,50,1.390959
-2.05,10,1.392864
1.62,39,1.400317
-0.12,26,1.467865
8.2,50,1.476305
-2.8,5,1.478467
1.46,22,1.482318
3.6,50,1.490695
10.25,50,1.500281
-2.12,6,1.501484
9.8,50,1.509918
1.52,44,1.518549
-3.56,3,1.519141
-3.15,15,1.521663
2.07,34,1.528635
7.9,50,1.537137
7.6,50,1.54672
11.1,50,1.556158
5.5,50,1.629723
-5.06,3,1.630529
-1.35,30,1.636084
7.35,50,1.644725
2.09,28,1.649367
9.2,50,1.657316
-3.56,3,1.657889
-1.88,14,1.66045
1.13,46,1.66781
-1.39,32,1.672903
-4.51,13,1.674995
7.1,50,1.68345
5.9,50,1.691457
-2.19,12,1.693916
-4.06,3,1.694471
7.0,50,1.702366
-1.4,10,1.704052
9.4,50,1.755127
11.3,50,1.764018
6.55,50,1.77213
-5.38,9,1.773683
4.55,50,1.78236
6.15,50,1.790507
-3.56,3,1.791082
7.05,50,1.799631
-5.03,9,1.801224
-3.99,7,1.802374
-1.21,13,1.804451
10.9,50,1.812803
9.45,50,1.820821
3.63,41,1.827945
6.35,50,1.835994
-0.79,37,1.884863
2.1,35,1.890517
8.95,50,1.899087
-2.45,5,1.900041
-3.56,3,1.900563
5.08,41,1.907108
-1.99,7,1.90825
9.25,50,1.916669
-2.74,22,1.920313
10.1,50,1.928811
8.7,50,1.936916
10.2,50,1.945314
7.15,50,1.953275
-2.71,8,1.954626
10.7,50,1.963144
-3.49,7,1.964422
5.6,50,2.016082
5.35,50,2.024389
11.2,50,2.032995
-4.12,6,2.034117
-0.13,29,2.038875
9.75,50,2.047476
7.5,50,2.055547
-3.56,3,2.056121
9.6,50,2.064863
-1.2,25,2.069011
11.6,50,2.077567
2.06,37,2.083618
-5.03,9,2.08508
7.3,50,2.092967
-0.4,30,2.140906
6.09,43,2.148382
-3.56,3,2.148945
7.6,50,2.156911
-2.58,4,2.157665
1.16,32,2.163676
-5.28,4,2.164413
9.7,50,2.172585
-1.1,10,2.174316
4.22,34,2.18054
7.15,50,2.188559
-2.8,5,2.189477
4.8,50,2.197989
9.75,50,2.206039
-5.12,6,2.207085
-2.64,7,2.208248
9.1,50,2.216444
-1.43,9,2.218018
-4.28,4,2.21868
6.4,50,2.270159
-2.32,6,2.271257
9.9,50,2.279786
8.75,50,2.287826
-0.84,12,2.289823
6.8,50,2.298214
-1.23,24,2.302148
-4.06,3,2.302661
12.25,50,2.310987
5.95,50,2.319015
10.45,50,2.327338
9.05,50,2.335452
10.4,50,2.343755
5.4,50,2.395235
8.95,50,2.40329
10.05,50,2.411705
11.15,50,2.41964
-3.56,3,2.420204
1.87,34,2.425552
11.15,50,2.434082
3.27,44,2.44112
1.91,32,2.446732
-3.56,3,2.447287
7.35,50,2.45523
9.05,50,2.463664
8.5,50,2.471579
11.05,50,2.522889
7.2,50,2.531549
-3.88,9,2.533187
9.5,50,2.541445
8.3,50,2.550585
4.9,50,2.55913
10.95,50,2.568215
7.8,50,2.576194
2.28,36,2.582522
11.15,50,2.590539
0.94,43,2.597853
6.2,50,2.605734
-3.56,3,2.606314
8.65,50,2.657508
1.32,29,2.662933
8.6,50,2.670898
-3.58,4,2.671646
-1.53,24,2.675461
-2.58,4,2.676127
6.75,50,2.68452
-3.56,3,2.685121
0.81,22,2.688596
5.7,50,2.697066
-1.28,14,2.699427
-3.56,3,2.699936
10.95,50,2.707782
-2.75,30,2.713106
11.9,50,2.721092
9.5,50,2.729532
9.65,50,2.780672
-0.8,15,2.783226
8.05,50,2.79124
9.8,50,2.800136
-2.82,6,2.801269
-3.56,3,2.801789
8.85,50,2.809933
10.1,50,2.818439
12.85,50,2.826538
6.35,50,2.835126
-2.86,8,2.836549
-3.56,3,2.83707
-3.08,4,2.837746
9.05,50,2.846205
-2.58,4,2.846992
-0.67,26,2.851155
9.9,50,2.859079
-4.86,8,2.860845
-3.56,3,2.861388
3.13,36,2.911523
8.15,50,2.919547
-3.56,3,2.920136
8.5,50,2.928495
9.1,50,2.936587
8.4,50,2.945003
-4.06,3,2.94566
7.95,50,2.953595
12.85,50,2.96203
-4.8,5,2.962966
8.9,50,2.970884
-4.56,3,2.97145
8.55,50,2.979915
2.15,35,2.985569
10.9,50,3.036391
-4.06,3,3.03705
9.75,50,3.045805
4.76,47,3.053421
5.7,50,3.06208
10.25,50,3.070278
11.0,50,3.079015
-3.56,3,3.079684
2.46,37,3.085613
11.65,50,3.093898
9.25,50,3.101943
7.6,50,3.110233
10.35,50,3.118517
-0.26,38,3.168013
10.05,50,3.17602
7.95,50,3.18482
-3.78,4,3.185602
7.4,50,3.193987
-4.3,5,3.195017
12.1,50,3.203079
9.55,50,3.211591
-2.95,5,3.212525
12.1,50,3.220532
9.15,50,3.229062
12.15,50,3.237156
10.65,50,3.245694
9.7,50,3.296347
10.15,50,3.304437
8.95,50,3.312894
-0.79,32,3.318104
8.45,50,3.325979
9.25,50,3.334589
7.45,50,3.342587
-3.56,3,3.34322
7.8,50,3.351897
2.09,43,3.358977
9.1,50,3.368253
11.95,50,3.3776
11.05,50,3.429999
8.6,50,3.438031
2.97,49,3.44647
-5.06,3,3.447035
6.15,50,3.454969
7.25,50,3.463319
6.85,50,3.471319
-4.06,3,3.471889
11.5,50,3.48034
10.3,50,3.488454
11.55,50,3.49691
10.3,50,3.504948
8.9,50,3.556228
-3.14,7,3.557533
8.4,50,3.566132
3.09,48,3.573877
9.4,50,3.582396
10.8,50,3.590364
-3.56,3,3.590967
-3.32,6,3.592012
-4.36,8,3.593783
7.7,50,3.601852
7.75,50,3.610531
7.75,50,3.618726
0.47,19,3.621805
-2.51,8,3.623119
8.95,50,3.631393
10.3,50,3.682579
4.16,42,3.68943
7.2,50,3.698146
8.15,50,3.706261
-4.58,9,3.707806
7.2,50,3.716318
9.55,50,3.724455
9.7,50,3.732901
9.9,50,3.740976
8.0,50,3.74935
10.2,50,3.757379
-4.08,4,3.758108
-2.8,5,3.75894
11.3,50,3.810182
7.2,50,3.81847
-4.43,4,3.819218
9.3,50,3.827647
10.05,50,3.835744
7.55,50,3.844303
9.9,50,3.85234
9.5,50,3.86078
10.25,50,3.868828
9.3,50,3.877145
9.4,50,3.885276
10.9,50,3.935768
8.4,50,3.944283
8.4,50,3.952318
-3.56,3,3.952886
-3.56,3,3.953395
2.98,41,3.960139
12.8,50,3.968446
7.15,50,3.976533
-3.56,3,3.977378
-3.1,5,3.978237
9.15,50,3.986113
-0.43,29,3.99078
11.15,50,3.999188
-3.56,3,3.999806
11.2,50,4.007754
11.3,50,4.016277
8.35,50,4.069419
7.4,50,4.078018
11.3,50,4.08618
-4.56,3,4.086799
8.85,50,4.095232
-5.06,3,4.095869
-3.47,6,4.096881
10.85,50,4.104804
9.85,50,4.113213
11.85,50,4.121351
7.95,50,4.130304
10.55,50,4.138679
3.63,31,4.144528
9.45,50,4.19827
12.55,50,4.206559
10.6,50,4.215368
9.6,50,4.223502
12.2,50,4.232015
10.2,50,4.240056
10.65,50,4.249081
7.9,50,4.257205
-3.56,3,4.257799
8.95,50,4.266206
11.5,50,4.274201
-1.94,12,4.276581
9.05,50,4.327413
10.7,50,4.335563
8.45,50,4.344198
10.0,50,4.352361
11.0,50,4.360903
10.4,50,4.369096
12.3,50,4.377505
9.95,50,4.385536
-4.56,3,4.386105
11.0,50,4.394464
-3.08,4,4.395241
10.9,50,4.403195
11.55,50,4.454475
9.6,50,4.463151
-3.56,3,4.463782
11.55,50,4.472208
-3.32,6,4.473356
7.7,50,4.483117
10.85,50,4.491675
11.9,50,4.500992
8.4,50,4.509287
-3.56,3,4.510269
-3.1,5,4.511293
12.15,50,4.522392
-3.62,6,4.528578
7.55,50,4.536712
-2.47,11,4.538592
-2.99,12,4.540577
-3.56,3,4.541106
12.0,50,4.549719
-1.77,16,4.596185
10.05,50,4.604255
-3.56,3,4.604843
11.95,50,4.613401
6.9,50,4.621452
-4.06,3,4.62203
10.9,50,4.630518
-3.56,3,4.631155
9.05,50,4.639037
11.55,50,4.647662
-3.56,3,4.648294
10.4,50,4.656282
9.1,50,4.66474
9.35,50,4.672808
12.1,50,4.724124
7.3,50,4.732724
9.55,50,4.740792
-3.1,5,4.741724
9.9,50,4.750214
-3.56,3,4.750857
6.7,50,4.758866
-1.47,11,4.761138
4.14,33,4.76642
-3.56,3,4.766935
6.9,50,4.774912
9.5,50,4.783449
10.75,50,4.791533
8.7,50,4.800113
6.18,36,4.80595
12.35,50,4.859822
-3.56,3,4.860769
8.15,50,4.868776
11.1,50,4.877297
9.2,50,4.885352
6.2,50,4.893791
-2.14,12,4.89589
-3.56,3,4.896406
9.25,50,4.904292
7.4,50,4.912901
12.3,50,4.920941
10.65,50,4.929514
-4.06,3,4.930136
9.7,50,4.98084
10.45,50,4.98904
8.3,50,4.99773
11.7,50,5.005805
10.35,50,5.0144
10.2,50,5.022481
8.9,50,5.031257
8.8,50,5.039189
6.95,50,5.047673
10.2,50,5.055679
0.21,17,5.058485
4.85,50,5.11075
6.65,50,5.118996
8.25,50,5.127614
9.95,50,5.135806
11.7,50,5.144436
7.1,50,5.152573
7.75,50,5.160995
10.95,50,5.169082
10.85,50,5.177485
10.85,50,5.185801
9.7,50,5.194371
9.05,50,5.245568
9.8,50,5.253678
7.6,50,5.261993
5.8,50,5.270097
8.0,50,5.27863
10.2,50,5.286717
-3.56,3,5.28729
9.85,50,5.295725
3.3,50,5.303737
11.15,50,5.312078
-3.95,5,5.313024
7.4,50,5.320866
