run_id,algo,seed,total_timesteps,training_time_seconds,n_episodes,final_mean_reward,best_mean_reward,model_path,hp_learning_rate,hp_gamma,hp_batch_size,hp_net_arch,hp_buffer_size,hp_exploration_fraction,hp_target_update_interval
dqn_00,DQN,1000,20000,4.83,572,7.416,8.4755,models/dqn/dqn_00/model.zip,0.001,0.99,32,"[64, 64]",10000,0.3,500
dqn_01,DQN,1001,20000,4.62,752,3.2805,5.992,models/dqn/dqn_01/model.zip,0.0001,0.99,32,"[64, 64]",10000,0.3,500
dqn_02,DQN,1002,20000,6.35,579,9.6585,9.6585,models/dqn/dqn_02/model.zip,0.0005,0.95,64,"[64, 64]",20000,0.2,500
dqn_03,DQN,1003,20000,5.08,545,6.8025,8.893,models/dqn/dqn_03/model.zip,0.0005,0.99,64,"[128, 128]",20000,0.2,250
dqn_04,DQN,1004,20000,4.59,569,6.368,10.318,models/dqn/dqn_04/model.zip,0.001,0.9,32,"[64, 64]",10000,0.4,500
dqn_05,DQN,1005,20000,5.13,556,5.361,9.499,models/dqn/dqn_05/model.zip,0.001,0.99,128,"[128, 128]",50000,0.3,1000
dqn_06,DQN,1006,20000,4.01,647,2.56,6.217,models/dqn/dqn_06/model.zip,0.00025,0.99,64,[64],20000,0.25,500
dqn_07,DQN,1007,20000,4.51,620,4.6885,6.634,models/dqn/dqn_07/model.zip,0.001,0.99,32,"[32, 32]",5000,0.3,200
dqn_08,DQN,1008,20000,5.33,578,8.6945,9.718,models/dqn/dqn_08/model.zip,0.0007,0.97,64,"[64, 64, 64]",20000,0.3,500
dqn_09,DQN,1009,20000,4.73,512,7.9435,9.2275,models/dqn/dqn_09/model.zip,0.001,0.99,64,"[64, 64]",20000,0.1,500
dqn_10,DQN,1010,20000,4.92,549,7.8705,9.5405,models/dqn/dqn_10/model.zip,0.0003,0.995,64,"[128, 64]",30000,0.3,750
dqn_11,DQN,1011,20000,4.92,564,6.7235,9.6175,models/dqn/dqn_11/model.zip,0.001,0.99,256,"[64, 64]",20000,0.3,500
